model_id,reference,n_series,bootstrap_samples,mean_delta_log_loss,delta_log_loss_ci_low,delta_log_loss_ci_high,frac_samples_beats_ref_log_loss,mean_delta_brier,delta_brier_ci_low,delta_brier_ci_high,frac_samples_beats_ref_brier,method
B5R,B5,1194,2000,0.0010269660899343304,-0.0019580462854537706,0.004016106392420108,0.246,0.0005282558309388575,-0.0006751933968520376,0.0017401282384680741,0.1905,"paired, series-level, stratified by validation season"
B6,B5,1194,2000,0.01785367220523801,0.0073043348480420125,0.02842274906981318,0.001,0.007013170075802947,0.002815978835744765,0.011287268690138665,0.0015,"paired, series-level, stratified by validation season"
B7,B5,1194,2000,0.022670146417124153,0.011813644051811305,0.033267515548460594,0.0,0.010328035746734165,0.005604169732552666,0.014815634658431292,0.0,"paired, series-level, stratified by validation season"
B8,B5,1194,2000,0.03870417525308603,0.025350838089547946,0.05264223422555088,0.0,0.016314353966825738,0.010670182456856026,0.022050395776592218,0.0,"paired, series-level, stratified by validation season"
B9,B5,1194,2000,0.07750681681080102,0.05432251818077848,0.10164502936401129,0.0,0.027729732687805094,0.019802744635250353,0.035660165901573275,0.0,"paired, series-level, stratified by validation season"
B10,B5,1194,2000,0.0842334783494082,0.05951027608431402,0.10978946119859252,0.0,0.0297518678527596,0.02125977994182596,0.038420295906344,0.0,"paired, series-level, stratified by validation season"
X1,B5,1194,2000,0.017377849036862302,0.0014780070789080844,0.031818273075494174,0.0145,0.007384188654866693,0.0009840321600892207,0.01362645359802646,0.012,"paired, series-level, stratified by validation season"
X2,B5,1194,2000,0.00019964751580569192,-0.0054233451088490075,0.005562002899087723,0.4675,0.0001685989061456878,-0.002112915477704163,0.002403690631894876,0.444,"paired, series-level, stratified by validation season"
X3,B5,1194,2000,0.00023435654065525244,-0.007577744822721451,0.007518678281687721,0.478,0.00011655205006725835,-0.0031112251571095116,0.0032164460167018395,0.4755,"paired, series-level, stratified by validation season"
B11,B5,1194,2000,0.04302994622143131,0.021959275022279345,0.06356710625954673,0.0,0.014738267058772646,0.007490889184195515,0.02134742587731059,0.0,"paired, series-level, stratified by validation season"
B12,B5,1194,2000,0.03413508621997686,0.018055602737563334,0.05025975720746831,0.0,0.01388301113672891,0.007326743117111035,0.02031938944598412,0.0,"paired, series-level, stratified by validation season"
B5,B5R,1194,2000,-0.0010269660899343304,-0.004016106392420109,0.001958046285453769,0.754,-0.0005282558309388575,-0.0017401282384680744,0.0006751933968520372,0.8095,"paired, series-level, stratified by validation season"
B6,B5R,1194,2000,0.016826706115303684,0.0065962528989312735,0.027081765667438515,0.0015,0.00648491424486409,0.0023386740984131568,0.010588881365056532,0.0015,"paired, series-level, stratified by validation season"
B7,B5R,1194,2000,0.021643180327189822,0.011339300969834891,0.03185733641442773,0.0,0.009799779915795307,0.005239129379603581,0.014145056928310891,0.0,"paired, series-level, stratified by validation season"
B8,B5R,1194,2000,0.037677209163151704,0.024099316361054543,0.051198368593128096,0.0,0.01578609813588688,0.01032835180706049,0.021435138698690067,0.0,"paired, series-level, stratified by validation season"
B9,B5R,1194,2000,0.07647985072086667,0.05365643931997186,0.10051914873132074,0.0,0.02720147685686624,0.01923966771693747,0.03520553274514728,0.0,"paired, series-level, stratified by validation season"
B10,B5R,1194,2000,0.08320651225947388,0.05860529809661205,0.10863853482952954,0.0,0.02922361202182074,0.020842872184684176,0.03820520848855521,0.0,"paired, series-level, stratified by validation season"
X1,B5R,1194,2000,0.01635088294692797,0.0014807165054442884,0.030464240417771026,0.013,0.0068559328239278326,0.0006948015191565125,0.012880255554207765,0.014,"paired, series-level, stratified by validation season"
X2,B5R,1194,2000,-0.0008273185741286378,-0.005356241205432775,0.0036565124235241283,0.6285,-0.0003596569247931696,-0.002288989187954368,0.0014775001373647934,0.6335,"paired, series-level, stratified by validation season"
X3,B5R,1194,2000,-0.0007926095492790775,-0.008157776415694524,0.006368284550233384,0.5775,-0.0004117037808715991,-0.0035237346150822626,0.002610401655848214,0.595,"paired, series-level, stratified by validation season"
B11,B5R,1194,2000,0.04200298013149698,0.02136285942358746,0.06250604772077935,0.0,0.014210011227833785,0.00727760471485197,0.020898387713254345,0.0,"paired, series-level, stratified by validation season"
B12,B5R,1194,2000,0.03310812013004254,0.017296528745559255,0.048505948151956226,0.0,0.013354755305790052,0.0069512992614137355,0.01951743098899097,0.0,"paired, series-level, stratified by validation season"
