model_id,calibration,n,log_loss,brier,ece,calibration_intercept,calibration_slope,seasons,note
B5,raw,1194,0.6228269069113429,0.21639556521994183,0.017745979264646897,0.009760713970223316,0.8992490605910625,KPL2023S1|KPL2023S2|KPL2024S1|KPL2024S2|KPL2024S3|KPL2025S1|KPL2025S2|KPL2025S3|KPL2026S1|KPL2026S2,raw rows for the same seasons: 
B5,platt,1058,0.6199719141158628,0.2152061321123653,0.025262348395997156,0.04674322271403859,1.00978480581035,KPL2023S2|KPL2024S1|KPL2024S2|KPL2024S3|KPL2025S1|KPL2025S2|KPL2025S3|KPL2026S1|KPL2026S2,raw rows for the same seasons: log_loss=0.61855
B5,isotonic,650,0.620846575660454,0.21570329772284458,0.04524446842814003,0.021818264818001296,0.8585661039182086,KPL2024S3|KPL2025S1|KPL2025S2|KPL2025S3|KPL2026S1|KPL2026S2,raw rows for the same seasons: log_loss=0.61467
B5,selected,1194,0.6228269069113429,0.21639556521994183,0.017745979264646897,0.009760713970223316,0.8992490605910625,KPL2023S1|KPL2023S2|KPL2024S1|KPL2024S2|KPL2024S3|KPL2025S1|KPL2025S2|KPL2025S3|KPL2026S1|KPL2026S2,raw rows for the same seasons: 
B5R,raw,1194,0.6238538730012773,0.21692382105088068,0.024764896876343014,-0.04398594885075328,0.9612296792844118,KPL2023S1|KPL2023S2|KPL2024S1|KPL2024S2|KPL2024S3|KPL2025S1|KPL2025S2|KPL2025S3|KPL2026S1|KPL2026S2,raw rows for the same seasons: 
B5R,platt,1058,0.6223044529683641,0.21620889548325326,0.032754405911656265,0.08296268822391019,1.013089197814509,KPL2023S2|KPL2024S1|KPL2024S2|KPL2024S3|KPL2025S1|KPL2025S2|KPL2025S3|KPL2026S1|KPL2026S2,raw rows for the same seasons: log_loss=0.61881
B5R,isotonic,650,0.6221216823936994,0.21599174302633178,0.035758585423083335,0.039822280497577724,0.8571507869606289,KPL2024S3|KPL2025S1|KPL2025S2|KPL2025S3|KPL2026S1|KPL2026S2,raw rows for the same seasons: log_loss=0.61532
B5R,selected,1194,0.6238538730012773,0.21692382105088068,0.024764896876343014,-0.04398594885075328,0.9612296792844118,KPL2023S1|KPL2023S2|KPL2024S1|KPL2024S2|KPL2024S3|KPL2025S1|KPL2025S2|KPL2025S3|KPL2026S1|KPL2026S2,raw rows for the same seasons: 
B6,raw,1194,0.6406805791165809,0.22340873529574484,0.034863565320982434,-0.0443997570260179,0.757479638481142,KPL2023S1|KPL2023S2|KPL2024S1|KPL2024S2|KPL2024S3|KPL2025S1|KPL2025S2|KPL2025S3|KPL2026S1|KPL2026S2,raw rows for the same seasons: 
B6,platt,1058,0.635016223472252,0.22217869507385543,0.03529145879041556,0.06924207807488877,1.1742712484747573,KPL2023S2|KPL2024S1|KPL2024S2|KPL2024S3|KPL2025S1|KPL2025S2|KPL2025S3|KPL2026S1|KPL2026S2,raw rows for the same seasons: log_loss=0.63457
B6,isotonic,650,0.6321990269516155,0.22051953660056606,0.028004359185465656,0.03495746506978281,0.929295455643077,KPL2024S3|KPL2025S1|KPL2025S2|KPL2025S3|KPL2026S1|KPL2026S2,raw rows for the same seasons: log_loss=0.62419
B6,selected,1194,0.6448869327364428,0.22550416588419903,0.03537194663067525,-0.013330005154497579,0.7846675854487518,KPL2023S1|KPL2023S2|KPL2024S1|KPL2024S2|KPL2024S3|KPL2025S1|KPL2025S2|KPL2025S3|KPL2026S1|KPL2026S2,raw rows for the same seasons: 
B7,raw,1194,0.645497053328467,0.22672360096667604,0.05192870700742308,-0.046026409480946155,0.7113946978333419,KPL2023S1|KPL2023S2|KPL2024S1|KPL2024S2|KPL2024S3|KPL2025S1|KPL2025S2|KPL2025S3|KPL2026S1|KPL2026S2,raw rows for the same seasons: 
B7,platt,1058,0.6386136096246188,0.22407466572634416,0.02583217342631738,0.09039966576764431,1.0551102652928197,KPL2023S2|KPL2024S1|KPL2024S2|KPL2024S3|KPL2025S1|KPL2025S2|KPL2025S3|KPL2026S1|KPL2026S2,raw rows for the same seasons: log_loss=0.64072
B7,isotonic,650,0.663963019224003,0.22053178646148755,0.048524684646248484,0.04212605813354985,0.5489362393734619,KPL2024S3|KPL2025S1|KPL2025S2|KPL2025S3|KPL2026S1|KPL2026S2,raw rows for the same seasons: log_loss=0.62382
B7,selected,1194,0.6487094599151078,0.2281848598882604,0.040575017037441756,0.004275168051296906,0.7779824941884541,KPL2023S1|KPL2023S2|KPL2024S1|KPL2024S2|KPL2024S3|KPL2025S1|KPL2025S2|KPL2025S3|KPL2026S1|KPL2026S2,raw rows for the same seasons: 
B8,raw,1194,0.6615310821644288,0.2327099191867676,0.0666807153548853,-0.053465136255673375,0.597733221172404,KPL2023S1|KPL2023S2|KPL2024S1|KPL2024S2|KPL2024S3|KPL2025S1|KPL2025S2|KPL2025S3|KPL2026S1|KPL2026S2,raw rows for the same seasons: 
B8,platt,1058,0.6460240280312181,0.22750251494833434,0.0228846187243404,0.0956548180066128,1.1828471885310785,KPL2023S2|KPL2024S1|KPL2024S2|KPL2024S3|KPL2025S1|KPL2025S2|KPL2025S3|KPL2026S1|KPL2026S2,raw rows for the same seasons: log_loss=0.65546
B8,isotonic,650,0.6524672319555628,0.22288394200528128,0.03657315021461625,0.03928493378936733,0.7572411223088816,KPL2024S3|KPL2025S1|KPL2025S2|KPL2025S3|KPL2026S1|KPL2026S2,raw rows for the same seasons: log_loss=0.63323
B8,selected,1194,0.6563867006083154,0.23142326197539015,0.030228418590396995,0.028983646862337047,0.8273155303095189,KPL2023S1|KPL2023S2|KPL2024S1|KPL2024S2|KPL2024S3|KPL2025S1|KPL2025S2|KPL2025S3|KPL2026S1|KPL2026S2,raw rows for the same seasons: 
B9,raw,1194,0.7003337237221439,0.24412529790774695,0.0972051392447477,0.004303384687265586,0.4166616041015471,KPL2023S1|KPL2023S2|KPL2024S1|KPL2024S2|KPL2024S3|KPL2025S1|KPL2025S2|KPL2025S3|KPL2026S1|KPL2026S2,raw rows for the same seasons: 
B9,platt,1058,0.6601160833903159,0.23404862222631231,0.04493431145630287,0.09302743180781954,1.7623944069606392,KPL2023S2|KPL2024S1|KPL2024S2|KPL2024S3|KPL2025S1|KPL2025S2|KPL2025S3|KPL2026S1|KPL2026S2,raw rows for the same seasons: log_loss=0.67181
B9,isotonic,650,0.6432915564532615,0.22639614178192494,0.043317239985614195,0.04267390317605602,1.245600877660404,KPL2024S3|KPL2025S1|KPL2025S2|KPL2025S3|KPL2026S1|KPL2026S2,raw rows for the same seasons: log_loss=0.64130
B9,selected,1194,0.7038840217593979,0.24623080199694414,0.06507069118825588,0.07191087386638566,0.3164217211784152,KPL2023S1|KPL2023S2|KPL2024S1|KPL2024S2|KPL2024S3|KPL2025S1|KPL2025S2|KPL2025S3|KPL2026S1|KPL2026S2,raw rows for the same seasons: 
B10,raw,1194,0.7070603852607512,0.24614743307270143,0.09904095857227121,0.013969231176535658,0.39939047191169663,KPL2023S1|KPL2023S2|KPL2024S1|KPL2024S2|KPL2024S3|KPL2025S1|KPL2025S2|KPL2025S3|KPL2026S1|KPL2026S2,raw rows for the same seasons: 
B10,platt,1058,0.6592248935799881,0.2335962647140512,0.04738751417750166,0.09473588820366377,1.7454157051947206,KPL2023S2|KPL2024S1|KPL2024S2|KPL2024S3|KPL2025S1|KPL2025S2|KPL2025S3|KPL2026S1|KPL2026S2,raw rows for the same seasons: log_loss=0.68186
B10,isotonic,650,0.64127101737891,0.22543423482674219,0.040305566278401324,0.037390896660627566,1.446066276417628,KPL2024S3|KPL2025S1|KPL2025S2|KPL2025S3|KPL2026S1|KPL2026S2,raw rows for the same seasons: log_loss=0.64225
B10,selected,1194,0.6994245160665677,0.24516043547759464,0.062441839053198035,0.06721049423322271,0.3533515451116887,KPL2023S1|KPL2023S2|KPL2024S1|KPL2024S2|KPL2024S3|KPL2025S1|KPL2025S2|KPL2025S3|KPL2026S1|KPL2026S2,raw rows for the same seasons: 
X1,raw,1194,0.6402047559482053,0.22377975387480856,0.03163666966015055,-0.07927745000957312,0.8719311522480863,KPL2023S1|KPL2023S2|KPL2024S1|KPL2024S2|KPL2024S3|KPL2025S1|KPL2025S2|KPL2025S3|KPL2026S1|KPL2026S2,raw rows for the same seasons: 
X1,platt,1058,0.6971031148234608,0.2316839171102417,0.056119612183422915,0.08777395988902086,0.4034751836698692,KPL2023S2|KPL2024S1|KPL2024S2|KPL2024S3|KPL2025S1|KPL2025S2|KPL2025S3|KPL2026S1|KPL2026S2,raw rows for the same seasons: log_loss=0.63283
X1,isotonic,650,0.7754091292566054,0.22478973909477112,0.06159905736020913,-0.07201071236739956,0.164680076949655,KPL2024S3|KPL2025S1|KPL2025S2|KPL2025S3|KPL2026S1|KPL2026S2,raw rows for the same seasons: log_loss=0.63411
X1,selected,1194,0.6402047559482053,0.22377975387480856,0.03163666966015055,-0.07927745000957312,0.8719311522480863,KPL2023S1|KPL2023S2|KPL2024S1|KPL2024S2|KPL2024S3|KPL2025S1|KPL2025S2|KPL2025S3|KPL2026S1|KPL2026S2,raw rows for the same seasons: 
X2,raw,1194,0.6230265544271486,0.2165641641260875,0.031489202824006156,-0.05599639615627158,0.9512115722813664,KPL2023S1|KPL2023S2|KPL2024S1|KPL2024S2|KPL2024S3|KPL2025S1|KPL2025S2|KPL2025S3|KPL2026S1|KPL2026S2,raw rows for the same seasons: 
X2,platt,1058,0.6208959660597021,0.21541904316486257,0.0378008494004359,0.05467146721325115,0.9363046654012259,KPL2023S2|KPL2024S1|KPL2024S2|KPL2024S3|KPL2025S1|KPL2025S2|KPL2025S3|KPL2026S1|KPL2026S2,raw rows for the same seasons: log_loss=0.61799
X2,isotonic,650,0.6335398478086217,0.21381352561694844,0.03651286349665858,0.005307751988612281,0.686568602502831,KPL2024S3|KPL2025S1|KPL2025S2|KPL2025S3|KPL2026S1|KPL2026S2,raw rows for the same seasons: log_loss=0.61457
X2,selected,1194,0.6230265544271486,0.2165641641260875,0.031489202824006156,-0.05599639615627158,0.9512115722813664,KPL2023S1|KPL2023S2|KPL2024S1|KPL2024S2|KPL2024S3|KPL2025S1|KPL2025S2|KPL2025S3|KPL2026S1|KPL2026S2,raw rows for the same seasons: 
X3,raw,1194,0.6230612634519981,0.21651211727000905,0.034005329354367744,-0.038501509174079636,1.007611341634432,KPL2023S1|KPL2023S2|KPL2024S1|KPL2024S2|KPL2024S3|KPL2025S1|KPL2025S2|KPL2025S3|KPL2026S1|KPL2026S2,raw rows for the same seasons: 
X3,platt,1058,0.6221250978200925,0.2154678720152717,0.024459748127973805,0.0441969284384083,0.8454005188159249,KPL2023S2|KPL2024S1|KPL2024S2|KPL2024S3|KPL2025S1|KPL2025S2|KPL2025S3|KPL2026S1|KPL2026S2,raw rows for the same seasons: log_loss=0.61835
X3,isotonic,650,0.6558610714517915,0.2159062116755909,0.04067880175813882,-0.031554399243498024,0.5220051473485235,KPL2024S3|KPL2025S1|KPL2025S2|KPL2025S3|KPL2026S1|KPL2026S2,raw rows for the same seasons: log_loss=0.61627
X3,selected,1194,0.6230612634519981,0.21651211727000905,0.034005329354367744,-0.038501509174079636,1.007611341634432,KPL2023S1|KPL2023S2|KPL2024S1|KPL2024S2|KPL2024S3|KPL2025S1|KPL2025S2|KPL2025S3|KPL2026S1|KPL2026S2,raw rows for the same seasons: 
B11,raw,1194,0.6658568531327743,0.2311338322787145,0.050329813242843635,-0.02479582676233445,0.5815518625367984,KPL2023S1|KPL2023S2|KPL2024S1|KPL2024S2|KPL2024S3|KPL2025S1|KPL2025S2|KPL2025S3|KPL2026S1|KPL2026S2,raw rows for the same seasons: 
B11,platt,1058,0.6505703123388448,0.22962681536547513,0.04159591373800519,0.08370683028507797,1.5104276172247673,KPL2023S2|KPL2024S1|KPL2024S2|KPL2024S3|KPL2025S1|KPL2025S2|KPL2025S3|KPL2026S1|KPL2026S2,raw rows for the same seasons: log_loss=0.63536
B11,isotonic,650,0.631835382544394,0.22074338522784737,0.03959141096406897,0.013160901253016184,0.9970382840500426,KPL2024S3|KPL2025S1|KPL2025S2|KPL2025S3|KPL2026S1|KPL2026S2,raw rows for the same seasons: log_loss=0.62962
B11,selected,1194,0.6666216923468756,0.23149521107135618,0.04400444182004351,-0.01685213619141541,0.5814575511453173,KPL2023S1|KPL2023S2|KPL2024S1|KPL2024S2|KPL2024S3|KPL2025S1|KPL2025S2|KPL2025S3|KPL2026S1|KPL2026S2,raw rows for the same seasons: 
B12,raw,1194,0.6569619931313198,0.23027857635667073,0.03453954947827389,0.003350188122561168,0.6640902967957892,KPL2023S1|KPL2023S2|KPL2024S1|KPL2024S2|KPL2024S3|KPL2025S1|KPL2025S2|KPL2025S3|KPL2026S1|KPL2026S2,raw rows for the same seasons: 
B12,platt,1058,0.649230599662323,0.22838599834855033,0.027958976976921138,0.09543243895368922,0.9530954304523459,KPL2023S2|KPL2024S1|KPL2024S2|KPL2024S3|KPL2025S1|KPL2025S2|KPL2025S3|KPL2026S1|KPL2026S2,raw rows for the same seasons: log_loss=0.64939
B12,isotonic,650,0.7402240239443456,0.2285152367736004,0.03887367817953573,0.008500020864942334,0.15225223388048637,KPL2024S3|KPL2025S1|KPL2025S2|KPL2025S3|KPL2026S1|KPL2026S2,raw rows for the same seasons: log_loss=0.64667
B12,selected,1194,0.6569619931313198,0.23027857635667073,0.03453954947827389,0.003350188122561168,0.6640902967957892,KPL2023S1|KPL2023S2|KPL2024S1|KPL2024S2|KPL2024S3|KPL2025S1|KPL2025S2|KPL2025S3|KPL2026S1|KPL2026S2,raw rows for the same seasons: 
