model_id,group,n,mean_log_loss_increase,seasons_positive,seasons,season,method,sd
B11,BENCH,1194.0,0.04218309075636701,7.0,10.0,ALL,"grouped permutation within each validation season, 20 repeats; not causal",
B11,HERO,1194.0,0.008475271513580076,7.0,10.0,ALL,"grouped permutation within each validation season, 20 repeats; not causal",
B11,PLAYER,1194.0,0.03561910461355494,10.0,10.0,ALL,"grouped permutation within each validation season, 20 repeats; not causal",
B11,ROSTER,1194.0,0.027469929678924334,5.0,10.0,ALL,"grouped permutation within each validation season, 20 repeats; not causal",
B11,TEAM,1194.0,0.05180758890426799,10.0,10.0,ALL,"grouped permutation within each validation season, 20 repeats; not causal",
B12,BENCH,1194.0,2.8604922292240165e-05,4.0,10.0,ALL,"grouped permutation within each validation season, 20 repeats; not causal",
B12,HERO,1194.0,0.00028783234343682473,5.0,10.0,ALL,"grouped permutation within each validation season, 20 repeats; not causal",
B12,PLAYER,1194.0,0.00963638719197318,7.0,10.0,ALL,"grouped permutation within each validation season, 20 repeats; not causal",
B12,ROSTER,1194.0,0.0011268470835255247,6.0,10.0,ALL,"grouped permutation within each validation season, 20 repeats; not causal",
B12,TEAM,1194.0,0.06108360083234295,10.0,10.0,ALL,"grouped permutation within each validation season, 20 repeats; not causal",
B11,TEAM,136.0,0.2066786883179626,,,KPL2023S1,per season,0.04341976504766068
B11,PLAYER,136.0,0.017237674619364412,,,KPL2023S1,per season,0.03770035617884652
B11,ROSTER,136.0,0.25657906325284335,,,KPL2023S1,per season,0.07174090594103476
B11,BENCH,136.0,0.3109411813558995,,,KPL2023S1,per season,0.07329462180496396
B11,HERO,136.0,0.05434452453136561,,,KPL2023S1,per season,0.02424047316796944
B12,TEAM,136.0,0.06024869126811835,,,KPL2023S1,per season,0.03622062194143989
B12,PLAYER,136.0,-0.009784652083828893,,,KPL2023S1,per season,0.0055323904639709015
B12,ROSTER,136.0,0.005307529017914736,,,KPL2023S1,per season,0.016448073518401198
B12,BENCH,136.0,-0.0017741751584468058,,,KPL2023S1,per season,0.0022142879543689087
B12,HERO,136.0,-0.00835464156288523,,,KPL2023S1,per season,0.013673150613966371
B11,TEAM,136.0,0.017430092030577087,,,KPL2023S2,per season,0.00848028476965581
B11,PLAYER,136.0,0.018670597547623985,,,KPL2023S2,per season,0.013141123963760463
B11,ROSTER,136.0,-0.002476543714432372,,,KPL2023S2,per season,0.007152138756143543
B11,BENCH,136.0,-0.0019460288014651384,,,KPL2023S2,per season,0.0066708982061043235
B11,HERO,136.0,0.004980679118862241,,,KPL2023S2,per season,0.0021878814609194424
B12,TEAM,136.0,0.06480445599695475,,,KPL2023S2,per season,0.01708204351813985
B12,PLAYER,136.0,-0.006181400796599001,,,KPL2023S2,per season,0.007187957069397801
B12,ROSTER,136.0,-0.0023648120973008948,,,KPL2023S2,per season,0.008708301257981667
B12,BENCH,136.0,-0.0003481322479980675,,,KPL2023S2,per season,0.010198213633905535
B12,HERO,136.0,0.007125268365236648,,,KPL2023S2,per season,0.0038419125447387652
B11,TEAM,136.0,0.018723138014292838,,,KPL2024S1,per season,0.008273430934671725
B11,PLAYER,136.0,0.04909195760366281,,,KPL2024S1,per season,0.020858774197871063
B11,ROSTER,136.0,-0.005607361251049709,,,KPL2024S1,per season,0.0050914754096281715
B11,BENCH,136.0,-0.004654437692317548,,,KPL2024S1,per season,0.005440611029545005
B11,HERO,136.0,-0.006803608136646105,,,KPL2024S1,per season,0.008598593246443484
B12,TEAM,136.0,0.08869774773121017,,,KPL2024S1,per season,0.020365056791009847
B12,PLAYER,136.0,0.005858869392030536,,,KPL2024S1,per season,0.014626545244977246
B12,ROSTER,136.0,0.014998505640515114,,,KPL2024S1,per season,0.006848315686102857
B12,BENCH,136.0,-0.0027849655886885262,,,KPL2024S1,per season,0.004274917464392681
B12,HERO,136.0,-0.0007766439834013039,,,KPL2024S1,per season,0.015837463170837812
B11,TEAM,136.0,0.024482174249216233,,,KPL2024S2,per season,0.007986245517460017
B11,PLAYER,136.0,0.02177682348967101,,,KPL2024S2,per season,0.013701151424874786
B11,ROSTER,136.0,-0.005323209344839997,,,KPL2024S2,per season,0.005503990619247819
B11,BENCH,136.0,0.008417864946176506,,,KPL2024S2,per season,0.004860010131395054
B11,HERO,136.0,-0.0004902428748558951,,,KPL2024S2,per season,0.010430678405316657
B12,TEAM,136.0,0.05588060518897536,,,KPL2024S2,per season,0.032846131780348765
B12,PLAYER,136.0,0.0022361085139342486,,,KPL2024S2,per season,0.012562188823087647
B12,ROSTER,136.0,-0.012917968885587827,,,KPL2024S2,per season,0.0059087524878439325
B12,BENCH,136.0,0.014011960384347766,,,KPL2024S2,per season,0.007349217819530665
B12,HERO,136.0,-0.003731249765958666,,,KPL2024S2,per season,0.008664766036683251
B11,TEAM,53.0,0.02116680475662682,,,KPL2024S3,per season,0.01648325810758668
B11,PLAYER,53.0,0.02397101355023864,,,KPL2024S3,per season,0.021940856069189683
B11,ROSTER,53.0,0.02860225124955802,,,KPL2024S3,per season,0.0238997796273174
B11,BENCH,53.0,0.03753515173373075,,,KPL2024S3,per season,0.028854329968612535
B11,HERO,53.0,-0.005265377823187584,,,KPL2024S3,per season,0.00800683591010471
B12,TEAM,53.0,0.039221781686353305,,,KPL2024S3,per season,0.01850440242976668
B12,PLAYER,53.0,0.002777915338873882,,,KPL2024S3,per season,0.0034580895039493884
B12,ROSTER,53.0,0.0016528170066002989,,,KPL2024S3,per season,0.004784508085512062
B12,BENCH,53.0,0.02081422012669764,,,KPL2024S3,per season,0.015617252432346913
B12,HERO,53.0,0.008762262502062922,,,KPL2024S3,per season,0.004487312371261894
B11,TEAM,136.0,0.01997677048398529,,,KPL2025S1,per season,0.005446944265792378
B11,PLAYER,136.0,0.06755443045476484,,,KPL2025S1,per season,0.01989943301362888
B11,ROSTER,136.0,-0.01091388112589849,,,KPL2025S1,per season,0.0062857823341686955
B11,BENCH,136.0,-0.0065558348278106195,,,KPL2025S1,per season,0.0063663269457034976
B11,HERO,136.0,0.0001248355668801271,,,KPL2025S1,per season,0.005234113401819663
B12,TEAM,136.0,0.0859117331423046,,,KPL2025S1,per season,0.026952543129597537
B12,PLAYER,136.0,0.038405835033649215,,,KPL2025S1,per season,0.012226422113232405
B12,ROSTER,136.0,0.003087239522656976,,,KPL2025S1,per season,0.014517813941901495
B12,BENCH,136.0,-0.00243335247352604,,,KPL2025S1,per season,0.02597244441723932
B12,HERO,136.0,-0.002111770635320337,,,KPL2025S1,per season,0.024032961660466395
B11,TEAM,136.0,0.011153581134273444,,,KPL2025S2,per season,0.009187278606554833
B11,PLAYER,136.0,0.06994789007625317,,,KPL2025S2,per season,0.02813014936603345
B11,ROSTER,136.0,0.00332412351741907,,,KPL2025S2,per season,0.002666466640472548
B11,BENCH,136.0,0.01110805602540132,,,KPL2025S2,per season,0.004627985903616207
B11,HERO,136.0,0.0026961975677394666,,,KPL2025S2,per season,0.002539888558578245
B12,TEAM,136.0,0.07043902403341964,,,KPL2025S2,per season,0.026761003304990098
B12,PLAYER,136.0,0.038268453954380964,,,KPL2025S2,per season,0.010285129889435115
B12,ROSTER,136.0,0.006524890267136224,,,KPL2025S2,per season,0.006429914122025809
B12,BENCH,136.0,0.011879918828553927,,,KPL2025S2,per season,0.008953879505391454
B12,HERO,136.0,-0.0009565213342985768,,,KPL2025S2,per season,0.004540377620997752
B11,TEAM,53.0,0.04360836040178438,,,KPL2025S3,per season,0.01889155168603622
B11,PLAYER,53.0,0.006112858705918442,,,KPL2025S3,per season,0.01009977388203633
B11,ROSTER,53.0,0.018874531635831995,,,KPL2025S3,per season,0.017012471277339708
B11,BENCH,53.0,0.007345323131611523,,,KPL2025S3,per season,0.011413280520575214
B11,HERO,53.0,0.012407143926715805,,,KPL2025S3,per season,0.007567419971704283
B12,TEAM,53.0,0.043915851191656606,,,KPL2025S3,per season,0.019905307547492236
B12,PLAYER,53.0,0.009777937457528984,,,KPL2025S3,per season,0.010549378048023502
B12,ROSTER,53.0,-0.0005441094298422322,,,KPL2025S3,per season,0.004865892712292297
B12,BENCH,53.0,0.0011837463103615054,,,KPL2025S3,per season,0.004364390876463934
B12,HERO,53.0,0.0058251762645184614,,,KPL2025S3,per season,0.008801103122204775
B11,TEAM,136.0,0.07326752838495218,,,KPL2026S1,per season,0.03127257945555058
B11,PLAYER,136.0,0.04541733223591689,,,KPL2026S1,per season,0.023632686484879605
B11,ROSTER,136.0,-0.017129687422765237,,,KPL2026S1,per season,0.013625373475573927
B11,BENCH,136.0,0.019240940914879916,,,KPL2026S1,per season,0.020695962875199897
B11,HERO,136.0,7.527445178704961e-05,,,KPL2026S1,per season,0.005573509546708901
B12,TEAM,136.0,0.04519775741227462,,,KPL2026S1,per season,0.034342054639609085
B12,PLAYER,136.0,0.011378552970161665,,,KPL2026S1,per season,0.014640870135465264
B12,ROSTER,136.0,-0.006145010103340842,,,KPL2026S1,per season,0.009369685626330676
B12,BENCH,136.0,-0.022511244207058006,,,KPL2026S1,per season,0.013946315627172056
B12,HERO,136.0,0.0034789731802327417,,,KPL2026S1,per season,0.014278634646763868
B11,TEAM,136.0,0.05788492001930044,,,KPL2026S2,per season,0.021240044243270063
B11,PLAYER,136.0,0.01129421808309784,,,KPL2026S2,per season,0.01820886771860535
B11,ROSTER,136.0,0.0042153383218850645,,,KPL2026S2,per season,0.007663256168706361
B11,BENCH,136.0,0.016300796279523383,,,KPL2026S2,per season,0.008461914683668251
B11,HERO,136.0,0.016697049949335258,,,KPL2026S2,per season,0.012449299948662963
B12,TEAM,136.0,0.0326988444273525,,,KPL2026S2,per season,0.017467714567439188
B12,PLAYER,136.0,-0.00047304559397413627,,,KPL2026S2,per season,0.016164179519396724
B12,ROSTER,136.0,0.0009706113156631224,,,KPL2026S2,per season,0.0016881491872257283
B12,BENCH,136.0,-0.004361612066207776,,,KPL2026S2,per season,0.003653602544429291
B12,HERO,136.0,0.0021687737028267483,,,KPL2026S2,per season,0.00913669697004666
