validation_season,stage,selected,n_candidates,inner_log_loss,note
KPL2023S1,rating_config_and_core_method,P2|game|k=16|m=10|core=DECAY,128,,no inner season; a-priori default
KPL2023S1,B11_C,1.0,6,,
KPL2023S1,B12_params,"{'max_iter': 100, 'max_depth': 3}",6,,
KPL2023S2,rating_config_and_core_method,P2|game|k=8|m=10|core=HIST,128,0.6500133138935671,
KPL2023S2,B11_C,0.01,6,0.6710637084866795,
KPL2023S2,B12_params,"{'max_iter': 50, 'max_depth': 2}",6,0.6684114991833338,
KPL2024S1,rating_config_and_core_method,P2|game|k=8|m=0|core=LAST,128,0.6184062182877521,
KPL2024S1,B11_C,0.01,6,0.6374638405078148,
KPL2024S1,B12_params,"{'max_iter': 50, 'max_depth': 3}",6,0.6541574307462065,
KPL2024S2,rating_config_and_core_method,P1|game|k=32|m=10|core=HIST,128,0.5852988413730873,
KPL2024S2,B11_C,0.01,6,0.615728524758692,
KPL2024S2,B12_params,"{'max_iter': 100, 'max_depth': 2}",6,0.5931548165045161,
KPL2024S3,rating_config_and_core_method,P2|series|k=64|m=0|core=HIST,128,0.6326898446437987,
KPL2024S3,B11_C,0.03,6,0.6432207051023736,
KPL2024S3,B12_params,"{'max_iter': 50, 'max_depth': 2}",6,0.6623909911146931,
KPL2025S1,rating_config_and_core_method,P1|game|k=8|m=10|core=LAST,128,0.58792214993665,
KPL2025S1,B11_C,0.01,6,0.6049371921014953,
KPL2025S1,B12_params,"{'max_iter': 200, 'max_depth': 3}",6,0.5444860197806024,
KPL2025S2,rating_config_and_core_method,P2|game|k=8|m=10|core=LAST,128,0.5789958643302598,
KPL2025S2,B11_C,0.01,6,0.6172137826050009,
KPL2025S2,B12_params,"{'max_iter': 100, 'max_depth': 2}",6,0.5982348082335575,
KPL2025S3,rating_config_and_core_method,P1|game|k=64|m=10|core=LAST,128,0.634825175486516,
KPL2025S3,B11_C,0.03,6,0.6203118631529378,
KPL2025S3,B12_params,"{'max_iter': 50, 'max_depth': 2}",6,0.6332847562141107,
KPL2026S1,rating_config_and_core_method,P2|game|k=8|m=0|core=HIST,128,0.47717134540222916,
KPL2026S1,B11_C,0.3,6,0.45959715481646035,
KPL2026S1,B12_params,"{'max_iter': 200, 'max_depth': 3}",6,0.48285164395860525,
KPL2026S2,rating_config_and_core_method,P2|series|k=8|m=0|core=LAST,128,0.6140443167180966,
KPL2026S2,B11_C,1.0,6,0.6194048153147117,
KPL2026S2,B12_params,"{'max_iter': 50, 'max_depth': 3}",6,0.6248020876808035,
