team_id,series_2026,distinct_players_used_2026,mean_players_per_series,freq_series_more_than_5_players,series_with_rotation,win_rate_series_with_rotation,win_rate_series_without_rotation,mean_lineup_changes_per_series,mean_roster_continuity,core5_mean_rating,player6_rating,player7_rating,bench_mean_rating,core_to_bench_gap,core_players,bench_players,rating_state_as_of,note
TEAM_AG,36,10,5.055555555555555,0.027777777777777776,1,0.0,0.5428571428571428,0.027777777777777776,0.9888888888888889,1599.6132734382923,1678.7073591673668,1695.7681146921457,1687.2377369297562,-87.62446349146398,60011738|70010326|60011557|60011149|60011724,60011921|60010519,2026-09-12 18:00,descriptive; win rates are in-sample 2026 outcomes; not a prediction of the Annual Finals rotation rule (rule not verified)
TEAM_DRG,20,6,5.0,0.0,0,,0.4,0.0,1.0,1513.9608518215662,1537.9728709796746,,1537.9728709796746,-24.012019158108387,60011039|60011991|60012104|60012234|60012235,60011030,2026-09-12 18:00,descriptive; win rates are in-sample 2026 outcomes; not a prediction of the Annual Finals rotation rule (rule not verified)
TEAM_DYG,27,7,5.148148148148148,0.14814814814814814,4,0.0,0.34782608695652173,0.14814814814814814,0.9864197530864197,1467.8040372114694,1468.8187120192476,1476.6857923191822,1472.752252169215,-4.948214957745449,60010760|60010954|60011720|60011909|60012233,60012007|60012295,2026-09-12 18:00,descriptive; win rates are in-sample 2026 outcomes; not a prediction of the Annual Finals rotation rule (rule not verified)
TEAM_EDGM,29,10,5.137931034482759,0.10344827586206896,3,0.0,0.5769230769230769,0.10344827586206896,0.981609195402299,1515.7790767330184,,,,,60010941|60011487|60012243|60011542|60011902,,2026-09-12 18:00,descriptive; win rates are in-sample 2026 outcomes; not a prediction of the Annual Finals rotation rule (rule not verified)
TEAM_ESTAR,21,9,5.142857142857143,0.14285714285714285,3,0.3333333333333333,0.3333333333333333,0.14285714285714285,0.9793650793650793,1496.6669767916653,1500.2935922709755,1495.894018451364,1498.0938053611699,-1.4268285695045506,60011752|70010355|60011749|60010204|60010968,60012231|60011456,2026-09-12 18:00,descriptive; win rates are in-sample 2026 outcomes; not a prediction of the Annual Finals rotation rule (rule not verified)
TEAM_HERO,33,8,5.090909090909091,0.06060606060606061,2,0.0,0.5483870967741935,0.06060606060606061,0.9878787878787879,1501.563741678366,1629.2587164697927,1477.155795833972,1553.2072561518823,-51.64351447351646,60011869|70010413|60012008|60012119|60011471,60010827|60011809,2026-09-12 18:00,descriptive; win rates are in-sample 2026 outcomes; not a prediction of the Annual Finals rotation rule (rule not verified)
TEAM_JDG,36,8,5.0,0.0,0,,0.6944444444444444,0.0,1.0,1540.0354979587091,1594.0386652933735,,1594.0386652933735,-54.00316733466434,60011055|60011747|60012195|60012238|60012230,60010953,2026-09-12 18:00,descriptive; win rates are in-sample 2026 outcomes; not a prediction of the Annual Finals rotation rule (rule not verified)
TEAM_KSG,36,12,5.027777777777778,0.027777777777777776,1,1.0,0.5142857142857142,0.027777777777777776,0.9972222222222222,1491.670299678227,1584.1941583206562,1515.3129876249832,1529.770678377776,-38.10037869954908,60012236|60012170|60011513|60012296|60012308,60011554|60012117|60012237|60011161,2026-09-12 18:00,descriptive; win rates are in-sample 2026 outcomes; not a prediction of the Annual Finals rotation rule (rule not verified)
TEAM_LGD_NBW,35,10,5.085714285714285,0.08571428571428572,3,0.3333333333333333,0.53125,0.08571428571428572,0.9895238095238095,1496.8565587587698,1510.2156282068004,1535.0746578097176,1513.781993702303,-16.92543494353322,60010463|60011264|60011158|60012131|70010398,60011977|60011527|60012082,2026-09-12 18:00,descriptive; win rates are in-sample 2026 outcomes; not a prediction of the Annual Finals rotation rule (rule not verified)
TEAM_QINGJIU,17,5,5.0,0.0,0,,0.35294117647058826,0.0,1.0,1480.1894798969286,,,,,60011913|60011915|60012113|60012118,,2026-09-12 18:00,descriptive; win rates are in-sample 2026 outcomes; not a prediction of the Annual Finals rotation rule (rule not verified)
TEAM_RNGM,21,12,5.190476190476191,0.14285714285714285,3,0.0,0.3333333333333333,0.14285714285714285,0.9642857142857143,1466.8449878249507,1490.662974384019,1451.0668559862222,1470.8649151851205,-4.019927360169731,60011433|60012220|60011807|60011424|60011868,60012121|60012141,2026-09-12 18:00,descriptive; win rates are in-sample 2026 outcomes; not a prediction of the Annual Finals rotation rule (rule not verified)
TEAM_RW,28,7,5.0,0.0,0,,0.39285714285714285,0.0,1.0,1523.84977608742,,,,,60010581|60011787|70010356|60011676|60011737,,2026-09-12 18:00,descriptive; win rates are in-sample 2026 outcomes; not a prediction of the Annual Finals rotation rule (rule not verified)
TEAM_SYG,15,6,5.133333333333334,0.13333333333333333,2,0.5,0.38461538461538464,0.13333333333333333,0.9811111111111112,1489.912700155559,1496.9160427014515,,1496.9160427014515,-7.003342545892565,60011432|60011789|60012216|60012223|60012213,60011774,2026-09-12 18:00,descriptive; win rates are in-sample 2026 outcomes; not a prediction of the Annual Finals rotation rule (rule not verified)
TEAM_TCG,10,6,5.1,0.1,1,0.0,0.1111111111111111,0.1,0.9866666666666667,1476.8918478469448,,,,,60012103|60012120|60011866,,2026-09-12 18:00,descriptive; win rates are in-sample 2026 outcomes; not a prediction of the Annual Finals rotation rule (rule not verified)
TEAM_TESA,34,10,5.205882352941177,0.14705882352941177,5,0.4,0.4827586206896552,0.17647058823529413,0.9651960784313725,1509.0877966662986,,,,,60011520|60011821|60012175|60012288|60011050,,2026-09-12 18:00,descriptive; win rates are in-sample 2026 outcomes; not a prediction of the Annual Finals rotation rule (rule not verified)
TEAM_TTG,38,6,5.0,0.0,0,,0.631578947368421,0.0,1.0,1581.8278036226795,,,,,60011049|60011742|60011931|60012138|60012244,,2026-09-12 18:00,descriptive; win rates are in-sample 2026 outcomes; not a prediction of the Annual Finals rotation rule (rule not verified)
TEAM_WB,34,10,5.029411764705882,0.029411764705882353,1,0.0,0.6363636363636364,0.029411764705882353,0.9941176470588234,1538.555919592717,1640.0372965309489,,1640.0372965309489,-101.48137693823196,60011929|60012116|60012155|70010342|60011938,60011036,2026-09-12 18:00,descriptive; win rates are in-sample 2026 outcomes; not a prediction of the Annual Finals rotation rule (rule not verified)
TEAM_WE,26,10,5.0,0.0,0,,0.38461538461538464,0.0,1.0,1499.374881242411,1463.0217270726907,1481.8815138980094,1472.45162048535,26.923260757060916,70010360|60011923|60011511|60011919|60012166,60011460|60012112,2026-09-12 18:00,descriptive; win rates are in-sample 2026 outcomes; not a prediction of the Annual Finals rotation rule (rule not verified)
TEAM_WOLVES,37,7,5.0,0.0,0,,0.8108108108108109,0.0,1.0,1625.6648911869656,,,,,60010840|60011430|60011739|60011846|60011891,,2026-09-12 18:00,descriptive; win rates are in-sample 2026 outcomes; not a prediction of the Annual Finals rotation rule (rule not verified)
TEAM_WST,11,7,5.181818181818182,0.18181818181818182,2,0.0,0.5555555555555556,0.18181818181818182,0.9818181818181819,1499.538397155808,1481.1361055681714,1492.3793672722786,1486.757736420225,12.78066073558307,60011858|60011883|60012087|60012247|60012083,60011549|60012267,2026-09-12 18:00,descriptive; win rates are in-sample 2026 outcomes; not a prediction of the Annual Finals rotation rule (rule not verified)
