season_id,team_games_after_g1,team_games_repeating_own_hero,team_games_repeating_any_series_hero,own_repeat_rate,any_repeat_rate
KPL2022S2,852,6,577,0.007,0.6772
KPL2023S1,886,14,560,0.0158,0.6321
KPL2023S2,850,2,583,0.0024,0.6859
KPL2024S1,836,6,575,0.0072,0.6878
KPL2024S2,874,6,592,0.0069,0.6773
KPL2024S3,374,8,229,0.0214,0.6123
KPL2025S1,876,4,503,0.0046,0.5742
KPL2025S2,852,6,522,0.007,0.6127
KPL2025S3,368,8,229,0.0217,0.6223
KPL2026S1,874,8,549,0.0092,0.6281
KPL2026S2,852,10,561,0.0117,0.6585
