model_id,bin,bin_lower,bin_upper,n,mean_predicted_p,observed_win_rate
B0,0,0.0,0.1,0,,
B0,1,0.1,0.2,0,,
B0,2,0.2,0.3,0,,
B0,3,0.3,0.4,0,,
B0,4,0.4,0.5,0,,
B0,5,0.5,0.6,1103,0.5,0.556663644605621
B0,6,0.6,0.7,0,,
B0,7,0.7,0.8,0,,
B0,8,0.8,0.9,0,,
B0,9,0.9,1.0,0,,
B1,0,0.0,0.1,0,,
B1,1,0.1,0.2,2,0.19488488152213532,0.0
B1,2,0.2,0.3,41,0.26868443950892096,0.2926829268292683
B1,3,0.3,0.4,162,0.3580057588458016,0.36419753086419754
B1,4,0.4,0.5,258,0.44946798498647983,0.4573643410852713
B1,5,0.5,0.6,293,0.548845072435438,0.6006825938566553
B1,6,0.6,0.7,247,0.6411885251908641,0.6720647773279352
B1,7,0.7,0.8,89,0.7346936850027325,0.8202247191011236
B1,8,0.8,0.9,11,0.8184597509530781,0.9090909090909091
B1,9,0.9,1.0,0,,
B2,0,0.0,0.1,1,0.09527421465888945,1.0
B2,1,0.1,0.2,13,0.1743620227087209,0.23076923076923078
B2,2,0.2,0.3,72,0.26083331777425645,0.3194444444444444
B2,3,0.3,0.4,140,0.3570807653109235,0.3142857142857143
B2,4,0.4,0.5,224,0.45403628388299727,0.45089285714285715
B2,5,0.5,0.6,268,0.5470481882044083,0.5634328358208955
B2,6,0.6,0.7,197,0.6458815621412286,0.7106598984771574
B2,7,0.7,0.8,120,0.7431623147550546,0.7833333333333333
B2,8,0.8,0.9,63,0.8413236297480815,0.8253968253968254
B2,9,0.9,1.0,5,0.9181083032368278,1.0
B3,0,0.0,0.1,5,0.08020819175856139,0.4
B3,1,0.1,0.2,32,0.1598377380276101,0.21875
B3,2,0.2,0.3,82,0.24816868047330345,0.2926829268292683
B3,3,0.3,0.4,145,0.3540498885863814,0.3448275862068966
B3,4,0.4,0.5,190,0.4552269971519992,0.46842105263157896
B3,5,0.5,0.6,212,0.5482112180059252,0.5707547169811321
B3,6,0.6,0.7,183,0.6493758636569922,0.6939890710382514
B3,7,0.7,0.8,135,0.7424766366026594,0.6962962962962963
B3,8,0.8,0.9,92,0.8475974881196945,0.8260869565217391
B3,9,0.9,1.0,27,0.9231876913948679,0.8888888888888888
B4,0,0.0,0.1,5,0.07752458580757397,0.4
B4,1,0.1,0.2,34,0.15894032235905972,0.23529411764705882
B4,2,0.2,0.3,79,0.24746476201289405,0.2911392405063291
B4,3,0.3,0.4,142,0.35207422568563335,0.3380281690140845
B4,4,0.4,0.5,193,0.4540300612588883,0.47150259067357514
B4,5,0.5,0.6,214,0.5481954122975767,0.5700934579439252
B4,6,0.6,0.7,184,0.6510814052970654,0.6956521739130435
B4,7,0.7,0.8,136,0.743183689753902,0.6911764705882353
B4,8,0.8,0.9,89,0.848572294070108,0.8314606741573034
B4,9,0.9,1.0,27,0.922730058899135,0.8888888888888888
B5,0,0.0,0.1,4,0.08167549272946792,0.25
B5,1,0.1,0.2,33,0.1598852503657452,0.24242424242424243
B5,2,0.2,0.3,74,0.2483637627865506,0.2972972972972973
B5,3,0.3,0.4,147,0.35484658171302524,0.32653061224489793
B5,4,0.4,0.5,203,0.45661177982704687,0.4729064039408867
B5,5,0.5,0.6,212,0.5490662250554705,0.5849056603773585
B5,6,0.6,0.7,191,0.6494439782170919,0.675392670157068
B5,7,0.7,0.8,136,0.7417438653051153,0.7352941176470589
B5,8,0.8,0.9,84,0.8463093121643445,0.8214285714285714
B5,9,0.9,1.0,19,0.9219259204082128,0.8947368421052632
