model_id,n,log_loss,brier,accuracy,roc_auc,ece,calibration_intercept,calibration_slope,mean_predicted_p,observed_win_rate,notes,vs_B5_reference,vs_B5_n_rows,vs_B5_n_clusters,vs_B5_bootstrap_samples,vs_B5_mean_delta_log_loss,vs_B5_delta_log_loss_ci_low,vs_B5_delta_log_loss_ci_high,vs_B5_frac_beats_ref_log_loss,vs_B5_mean_delta_brier,vs_B5_delta_brier_ci_low,vs_B5_delta_brier_ci_high,vs_B5_cluster,vs_B5_strata,section,validation_season,training_end,n_train,n_validation,alpha_raw,beta_raw,beta_C2,beta_C3,beta_C4,selected,beta_shrunk,alpha_shrunk,validation_logloss,validation_logloss_b5,delta_vs_b5,model_family,alpha_C2,alpha_C3,alpha_C4,removed_season,n_series,beta_C1,change_vs_all_C1,HIGH_INSTABILITY,format,role
B5,1032.0,0.6283130641483748,0.21886929007435818,0.6511627906976745,0.698471903789633,0.021358243121826315,0.0016974205203747852,0.8260268986543218,0.5548783348906637,0.5552325581395349,,,,,,,,,,,,,,,metrics,,,,,,,,,,,,,,,,,,,,,,,,,BO5,NEGATIVE_CONTROL (not used for BO7)
C0,1032.0,0.6283130641483748,0.21886929007435812,0.6511627906976745,0.698471903789633,0.021358243121826315,0.0016974205203747767,0.8260268986543218,0.5548783348906637,0.5552325581395349,,B5,1032.0,1032.0,2000.0,6.72373440301088e-20,-3.4025457946436557e-18,3.4970142630059555e-18,0.476,-2.857587121279624e-19,-1.6954946880692403e-18,1.075944586171806e-18,series_id,season,metrics,,,,,,,,,,,,,,,,,,,,,,,,,BO5,NEGATIVE_CONTROL (not used for BO7)
C1,1032.0,0.6293584490579887,0.21921608828641032,0.6511627906976745,0.696316067633181,0.02614186472065955,0.02740153075733677,0.8703124959214681,0.5493946774976591,0.5552325581395349,,B5,1032.0,1032.0,2000.0,0.0010453849096139292,-0.0027906577603898077,0.005013334959091831,0.3165,0.00034679821205215366,-0.0009253879175355953,0.001658171967839312,series_id,season,metrics,,,,,,,,,,,,,,,,,,,,,,,,,BO5,NEGATIVE_CONTROL (not used for BO7)
C2,1032.0,0.6286977292727696,0.2190320815163743,0.6511627906976745,0.6968635815776768,0.017186065849129215,0.026453059348249007,0.8804273854186242,0.5495893477593645,0.5552325581395349,,B5,1032.0,1032.0,2000.0,0.00038466512439480453,-0.002907396672959171,0.003748790305727892,0.428,0.00016279144201612042,-0.0009691253144456618,0.0013199976832799344,series_id,season,metrics,,,,,,,,,,,,,,,,,,,,,,,,,BO5,NEGATIVE_CONTROL (not used for BO7)
C3,1032.0,0.627893727026311,0.21878628653103221,0.6511627906976745,0.6974529195040436,0.01658880581309279,0.023761663667581805,0.8888536749417745,0.5501620523920683,0.5552325581395349,,B5,1032.0,1032.0,2000.0,-0.00041933712206384215,-0.0030302116521446587,0.002159583562779739,0.6205,-8.300354332595314e-05,-0.0009788939837767185,0.000812344011794657,series_id,season,metrics,,,,,,,,,,,,,,,,,,,,,,,,,BO5,NEGATIVE_CONTROL (not used for BO7)
C4,1032.0,0.6275919986146387,0.2186654948660165,0.6511627906976745,0.6980650705114313,0.016823226340651413,0.016846048728303104,0.8742871092249708,0.551658589834405,0.5552325581395349,,B5,1032.0,1032.0,2000.0,-0.0007210655337362389,-0.0024124015468439553,0.0009023265132627179,0.7975,-0.00020379520834166886,-0.0007673595033031006,0.000372519456543267,series_id,season,metrics,,,,,,,,,,,,,,,,,,,,,,,,,BO5,NEGATIVE_CONTROL (not used for BO7)
CSEL,1032.0,0.6283785887961086,0.21889013773643085,0.6511627906976745,0.6978331375210547,0.01833045954360173,0.013749127382787059,0.848065577814318,0.5523361228894644,0.5552325581395349,,B5,1032.0,1032.0,2000.0,6.552464773387458e-05,-0.0013912838128223128,0.0014717761542364638,0.4545,2.0847662072665303e-05,-0.0004890472218550276,0.0005194270450267707,series_id,season,metrics,,,,,,,,,,,,,,,,,,,,,,,,,BO5,NEGATIVE_CONTROL (not used for BO7)
C1_A,1032.0,0.6313334962215154,0.21997909064776192,0.6482558139534884,0.6944187797282961,0.03673675101470503,-0.06291824406446983,0.8811781791542337,0.568680831582558,0.5552325581395349,,B5,1032.0,1032.0,2000.0,0.003020432073140628,-0.0022468241000049138,0.008200491373222553,0.1325,0.0011098005734037546,-0.0008917544026338759,0.0030559220959726656,series_id,season,metrics,,,,,,,,,,,,,,,,,,,,,,,,,BO5,NEGATIVE_CONTROL (not used for BO7)
C2_A,1032.0,0.630714077431989,0.21981075016563595,0.6482558139534884,0.6949092609702403,0.03090341786413346,-0.06081570051490022,0.8879711365897766,0.5682385153435112,0.5552325581395349,,B5,1032.0,1032.0,2000.0,0.0024010132836143096,-0.0024567759298750763,0.007143177150552421,0.1655,0.0009414600912777804,-0.0009156489205081031,0.0027497191634857977,series_id,season,metrics,,,,,,,,,,,,,,,,,,,,,,,,,BO5,NEGATIVE_CONTROL (not used for BO7)
C3_A,1032.0,0.6295284297556115,0.2194289780349372,0.6472868217054264,0.6961715847867167,0.01941036555468163,-0.052872681286908384,0.8930519537931023,0.5665293512314871,0.5552325581395349,,B5,1032.0,1032.0,2000.0,0.001215365607236751,-0.0028365996841186996,0.00507755117713533,0.2745,0.0005596879605789821,-0.000967512611344906,0.002080875504434051,series_id,season,metrics,,,,,,,,,,,,,,,,,,,,,,,,,BO5,NEGATIVE_CONTROL (not used for BO7)
C4_A,1032.0,0.6282335222350456,0.21892822900962206,0.6511627906976745,0.6974148977023424,0.016939694194525668,-0.032842307330253215,0.8766276394141346,0.5622006235311409,0.5552325581395349,,B5,1032.0,1032.0,2000.0,-7.954191332916633e-05,-0.002470505411302877,0.0022440123673241868,0.534,5.893893526391125e-05,-0.0008602908579390368,0.0009827322788079171,series_id,season,metrics,,,,,,,,,,,,,,,,,,,,,,,,,BO5,NEGATIVE_CONTROL (not used for BO7)
CSEL_A,1032.0,0.629335011223911,0.2192356908569326,0.6482558139534884,0.6974110955221724,0.023005206626651207,-0.012183339623770084,0.8195838942513947,0.5577738986074424,0.5552325581395349,,B5,1032.0,1032.0,2000.0,0.0010219470755361022,-0.0002009745680282892,0.0022825536979067477,0.05,0.0003664007825744535,-0.00014850827615926787,0.0009171193925250029,series_id,season,metrics,,,,,,,,,,,,,,,,,,,,,,,,,BO5,NEGATIVE_CONTROL (not used for BO7)
,,,,,,,,,,,,,,,,,,,,,,,,,beta_stability,KPL2023S1,KPL2022S2,120.0,120.0,0.0,1.338848668459778,1.253491939702323,1.1279722870920514,1.0371690982377892,C4,1.0371690982377892,0.0,0.6593050066374047,0.6578472188038927,0.0014577878335119143,PRIMARY_zero_intercept,,,,,,,,,BO5,NEGATIVE_CONTROL (not used for BO7)
,,,,,,,,,,,,,,,,,,,,,,,,,beta_stability,KPL2023S2,KPL2023S1,240.0,120.0,0.0,0.8871190843712137,0.89670419299184,0.9230936887062519,0.9665103522953827,C0,1.0,0.0,0.6392274561836917,0.6392274561836917,0.0,PRIMARY_zero_intercept,,,,,,,,,BO5,NEGATIVE_CONTROL (not used for BO7)
,,,,,,,,,,,,,,,,,,,,,,,,,beta_stability,KPL2024S1,KPL2023S2,360.0,120.0,0.0,0.8724790789428689,0.8790259423386203,0.8997801383417807,0.9464842124672342,C0,1.0,0.0,0.6054898447787346,0.6054898447787346,0.0,PRIMARY_zero_intercept,,,,,,,,,BO5,NEGATIVE_CONTROL (not used for BO7)
,,,,,,,,,,,,,,,,,,,,,,,,,beta_stability,KPL2024S2,KPL2024S1,480.0,120.0,0.0,0.8990355246820161,0.9025234748594878,0.9144113489468856,0.9470963136375734,C0,1.0,0.0,0.6437720261034469,0.6437720261034469,0.0,PRIMARY_zero_intercept,,,,,,,,,BO5,NEGATIVE_CONTROL (not used for BO7)
,,,,,,,,,,,,,,,,,,,,,,,,,beta_stability,KPL2024S3,KPL2024S2,600.0,36.0,0.0,0.8616646053775437,0.8652500722936265,0.8779737418277886,0.9175542115127324,C4,0.9175542115127324,0.0,0.6190989762474471,0.6212145524549729,-0.0021155762075257822,PRIMARY_zero_intercept,,,,,,,,,BO5,NEGATIVE_CONTROL (not used for BO7)
,,,,,,,,,,,,,,,,,,,,,,,,,beta_stability,KPL2025S1,KPL2024S3,636.0,120.0,0.0,0.8579902232080268,0.8613697950442124,0.8734794872025188,0.9123832281053115,C4,0.9123832281053115,0.0,0.6051259740536793,0.6031885715628412,0.0019374024908380694,PRIMARY_zero_intercept,,,,,,,,,BO5,NEGATIVE_CONTROL (not used for BO7)
,,,,,,,,,,,,,,,,,,,,,,,,,beta_stability,KPL2025S2,KPL2025S1,756.0,120.0,0.0,0.9011490798397075,0.9031859658111102,0.9105805685368522,0.9354804448537052,C0,1.0,0.0,0.6412968573754584,0.6412968573754584,0.0,PRIMARY_zero_intercept,,,,,,,,,BO5,NEGATIVE_CONTROL (not used for BO7)
,,,,,,,,,,,,,,,,,,,,,,,,,beta_stability,KPL2025S3,KPL2025S2,876.0,36.0,0.0,0.8482832928951722,0.8507008391270924,0.8596827670384996,0.8925009231330001,C4,0.8925009231330001,0.0,0.5134555701865073,0.5032987509068271,0.010156819279680263,PRIMARY_zero_intercept,,,,,,,,,BO5,NEGATIVE_CONTROL (not used for BO7)
,,,,,,,,,,,,,,,,,,,,,,,,,beta_stability,KPL2026S1,KPL2025S3,912.0,120.0,0.0,0.8795843877479628,0.8814492686585286,0.888386648338906,0.9138793684080512,C4,0.9138793684080512,0.0,0.6256346877652482,0.6281565832717207,-0.002521895506472527,PRIMARY_zero_intercept,,,,,,,,,BO5,NEGATIVE_CONTROL (not used for BO7)
,,,,,,,,,,,,,,,,,,,,,,,,,beta_stability,KPL2026S2,KPL2026S1,1032.0,120.0,0.0,0.8660099644507565,0.8677856458954225,0.8744622346160486,0.9000115856761199,C4,0.9000115856761199,0.0,0.6444376468186845,0.6471598025876971,-0.0027221557690125797,PRIMARY_zero_intercept,,,,,,,,,BO5,NEGATIVE_CONTROL (not used for BO7)
,,,,,,,,,,,,,,,,,,,,,,,,,beta_stability,KPL2023S1,KPL2022S2,120.0,120.0,0.31741873882674604,1.2397911441228993,1.1819521602232472,1.0970859584914732,1.0322625517073933,C4,1.0322625517073933,0.11672797697538378,0.6666359636535032,0.6578472188038927,0.008788744849610453,SECONDARY_intercept,0.29802926542810737,0.23733948115467285,0.11672797697538378,,,,,,BO5,NEGATIVE_CONTROL (not used for BO7)
,,,,,,,,,,,,,,,,,,,,,,,,,beta_stability,KPL2023S2,KPL2023S1,240.0,120.0,0.057457311779424536,0.8823987749733332,0.8925181752191347,0.92032934368648,0.9657482924926863,C0,1.0,0.0,0.6392274561836917,0.6392274561836917,0.0,SECONDARY_intercept,0.05517503229065719,0.04771324562398306,0.02876106493815572,,,,,,BO5,NEGATIVE_CONTROL (not used for BO7)
,,,,,,,,,,,,,,,,,,,,,,,,,beta_stability,KPL2024S1,KPL2023S2,360.0,120.0,0.07335970947836026,0.8649915586896754,0.872076144165015,0.8944890397974091,0.9444902744686553,C0,1.0,0.0,0.6054898447787346,0.6054898447787346,0.0,SECONDARY_intercept,0.0713366560210922,0.06430797360755029,0.04338850825509462,,,,,,BO5,NEGATIVE_CONTROL (not used for BO7)
,,,,,,,,,,,,,,,,,,,,,,,,,beta_stability,KPL2024S2,KPL2024S1,480.0,120.0,0.06295131721270264,0.8899813622681934,0.8939590799195485,0.9074558827044221,0.9439690884502018,C0,1.0,0.0,0.6437720261034469,0.6437720261034469,0.0,SECONDARY_intercept,0.06152767916298307,0.05646018174814363,0.04025587419316957,,,,,,BO5,NEGATIVE_CONTROL (not used for BO7)
,,,,,,,,,,,,,,,,,,,,,,,,,beta_stability,KPL2024S3,KPL2024S2,600.0,36.0,0.0533827974587984,0.8515233839514162,0.8555790243453535,0.8698958299197666,0.9136253137464517,C0,1.0,0.0,0.6212145524549729,0.6212145524549729,0.0,SECONDARY_intercept,0.05219327481258505,0.04793879150698519,0.0342227770082781,,,,,,BO5,NEGATIVE_CONTROL (not used for BO7)
,,,,,,,,,,,,,,,,,,,,,,,,,beta_stability,KPL2025S1,KPL2024S3,636.0,120.0,0.04700842001830771,0.8466776955883749,0.8505904350338808,0.8645064348252792,0.9080952915569288,C0,1.0,0.0,0.6031885715628412,0.6031885715628412,0.0,SECONDARY_intercept,0.045834634728413134,0.04166299201364757,0.028585294731750022,,,,,,BO5,NEGATIVE_CONTROL (not used for BO7)
,,,,,,,,,,,,,,,,,,,,,,,,,beta_stability,KPL2025S2,KPL2025S1,756.0,120.0,0.06124807612199328,0.8846631649173118,0.8873208311018793,0.8968802681905572,0.9280075571713873,C0,1.0,0.0,0.6412968573754584,0.6412968573754584,0.0,SECONDARY_intercept,0.06013542038521621,0.05608149161484564,0.04215451984526954,,,,,,BO5,NEGATIVE_CONTROL (not used for BO7)
,,,,,,,,,,,,,,,,,,,,,,,,,beta_stability,KPL2025S3,KPL2025S2,876.0,36.0,0.056795214006538856,0.8352062195822638,0.8380454047547484,0.8485326772971858,0.8860279003581768,C0,1.0,0.0,0.5032987509068271,0.5032987509068271,0.0,SECONDARY_intercept,0.05581787346231015,0.052214479604383024,0.03939644060583083,,,,,,BO5,NEGATIVE_CONTROL (not used for BO7)
,,,,,,,,,,,,,,,,,,,,,,,,,beta_stability,KPL2026S1,KPL2025S3,912.0,120.0,0.08205909679380982,0.8584315403516743,0.8609121614745802,0.8700672789274778,0.9026960271225087,C0,1.0,0.0,0.6281565832717207,0.6281565832717207,0.0,SECONDARY_intercept,0.08086189053460852,0.07641092044471098,0.060026565602670855,,,,,,BO5,NEGATIVE_CONTROL (not used for BO7)
,,,,,,,,,,,,,,,,,,,,,,,,,beta_stability,KPL2026S2,KPL2026S1,1032.0,120.0,0.07400887729468665,0.8467511422459842,0.8490337251633286,0.8575561059634266,0.8892858215363161,C0,1.0,0.0,0.6471598025876971,0.6471598025876971,0.0,SECONDARY_intercept,0.07298773863972181,0.06916906005228952,0.05482756190130669,,,,,,BO5,NEGATIVE_CONTROL (not used for BO7)
,,,,,,,,,,,,,,,,,,,,,,,,,leave_one_season_out,,,,,,,0.8562113031917487,0.8627269244768294,0.8883309710067767,,,,,,,,,,,NONE (all seasons),1152.0,0.8544901578533451,0.0,False,BO5,NEGATIVE_CONTROL (not used for BO7)
,,,,,,,,,,,,,,,,,,,,,,,,,leave_one_season_out,,,,,,,0.8374898495082168,0.8450437263729785,0.8746000506455592,,,,,,,,,,,KPL2022S2,1032.0,0.8354925247550768,-0.018997633098268296,False,BO5,NEGATIVE_CONTROL (not used for BO7)
,,,,,,,,,,,,,,,,,,,,,,,,,leave_one_season_out,,,,,,,0.8718139045307862,0.8782430961950044,0.9028809906026762,,,,,,,,,,,KPL2023S1,1032.0,0.8701046059611415,0.01561444810779633,False,BO5,NEGATIVE_CONTROL (not used for BO7)
,,,,,,,,,,,,,,,,,,,,,,,,,leave_one_season_out,,,,,,,0.8566600495694845,0.863778180063907,0.8911546541935181,,,,,,,,,,,KPL2023S2,1032.0,0.8547695178805356,0.00027936002719042285,False,BO5,NEGATIVE_CONTROL (not used for BO7)
,,,,,,,,,,,,,,,,,,,,,,,,,leave_one_season_out,,,,,,,0.8439933798950195,0.851905892080032,0.882203034575254,,,,,,,,,,,KPL2024S1,1032.0,0.8418896397030359,-0.01260051815030927,False,BO5,NEGATIVE_CONTROL (not used for BO7)
,,,,,,,,,,,,,,,,,,,,,,,,,leave_one_season_out,,,,,,,0.8696595825165636,0.8762966865635964,0.9016361009483056,,,,,,,,,,,KPL2024S2,1032.0,0.8678933138570054,0.013403156003660266,False,BO5,NEGATIVE_CONTROL (not used for BO7)
,,,,,,,,,,,,,,,,,,,,,,,,,leave_one_season_out,,,,,,,0.8578453712922999,0.8645485219125396,0.8906465732794677,,,,,,,,,,,KPL2024S3,1116.0,0.8560705471460156,0.0015803892926704588,False,BO5,NEGATIVE_CONTROL (not used for BO7)
,,,,,,,,,,,,,,,,,,,,,,,,,leave_one_season_out,,,,,,,0.8290693919482437,0.8374174721089129,0.8697188481070224,,,,,,,,,,,KPL2025S1,1032.0,0.8268559663801311,-0.027634191473213998,False,BO5,NEGATIVE_CONTROL (not used for BO7)
,,,,,,,,,,,,,,,,,,,,,,,,,leave_one_season_out,,,,,,,0.8935977941633562,0.8993468345928732,0.9209186208655685,,,,,,,,,,,KPL2025S2,1032.0,0.8920606743873788,0.03757051653403365,False,BO5,NEGATIVE_CONTROL (not used for BO7)
,,,,,,,,,,,,,,,,,,,,,,,,,leave_one_season_out,,,,,,,0.8319347151270782,0.839711169683752,0.8701722938353132,,,,,,,,,,,KPL2025S3,1116.0,0.8298791210497293,-0.02461103680361587,False,BO5,NEGATIVE_CONTROL (not used for BO7)
,,,,,,,,,,,,,,,,,,,,,,,,,leave_one_season_out,,,,,,,0.8665990238011817,0.8734936919065368,0.8997194047077927,,,,,,,,,,,KPL2026S1,1032.0,0.8647624786007793,0.010272320747434116,False,BO5,NEGATIVE_CONTROL (not used for BO7)
,,,,,,,,,,,,,,,,,,,,,,,,,leave_one_season_out,,,,,,,0.8677856458954225,0.8744622346160486,0.9000115856761199,,,,,,,,,,,KPL2026S2,1032.0,0.8660099644507565,0.011519806597411364,False,BO5,NEGATIVE_CONTROL (not used for BO7)
