series_id,competition_id,season,stage,start_time,team_a,team_b,series_score,games_in_source,game_id,game_number,game_start_time,duration,blue_team,red_team,winner,player_id,role,hero_id,kda_gold_damage,bp
KPL2026S1M1W2D1,KPL2026S1,KPL2026S1,常规赛第一轮,2026-01-15 14:00:00,TEAM_QINGJIU,TEAM_TESA,3-0,3,battle_id for 2/3 games,round (1..N),ABSENT (battle_id epoch prefix for combo games),2/3 via combo endpoint,ABSENT,ABSENT,3/3,30/30 rows,30/30 rows labeled 1-5,30/30 rows,ABSENT,picks+order for 2/3 games; bans ABSENT
KPL2026S1M1W1D1,KPL2026S1,KPL2026S1,常规赛第一轮,2026-01-14 14:00:00,TEAM_ESTAR,TEAM_JDG,2-3,5,battle_id for 4/5 games,round (1..N),ABSENT (battle_id epoch prefix for combo games),4/5 via combo endpoint,ABSENT,ABSENT,5/5,50/50 rows,50/50 rows labeled 1-5,50/50 rows,ABSENT,picks+order for 4/5 games; bans ABSENT
KPL2026S1M10W1D1,KPL2026S1,KPL2026S1,季后赛,2026-03-26 18:30:00,TEAM_LGD_NBW,TEAM_QINGJIU,4-3,7,battle_id for 4/7 games,round (1..N),ABSENT (battle_id epoch prefix for combo games),4/7 via combo endpoint,ABSENT,ABSENT,7/7,70/70 rows,70/70 rows labeled 1-5,70/70 rows,ABSENT,picks+order for 4/7 games; bans ABSENT
KPL2026S1M10W1D12,KPL2026S1,KPL2026S1,决赛,2026-04-11 17:00:00,TEAM_WOLVES,TEAM_KSG,0-4,4,battle_id for 0/4 games,round (1..N),ABSENT,0/4 via combo endpoint,ABSENT,ABSENT,4/4,40/40 rows,40/40 rows labeled 1-5,40/40 rows,ABSENT,picks+order for 0/4 games; bans ABSENT
KPL2026S2M1W1D1,KPL2026S2,KPL2026S2,常规赛第一轮,2026-06-17 14:00:00,TEAM_DRG,TEAM_TTG,1-3,4,battle_id for 2/4 games,round (1..N),ABSENT (battle_id epoch prefix for combo games),2/4 via combo endpoint,ABSENT,ABSENT,4/4,40/40 rows,40/40 rows labeled 1-5,40/40 rows,ABSENT,picks+order for 2/4 games; bans ABSENT
KPL2026S2M1W2D1,KPL2026S2,KPL2026S2,常规赛第一轮,2026-06-18 14:00:00,TEAM_WST,TEAM_RW,3-2,5,battle_id for 3/5 games,round (1..N),ABSENT (battle_id epoch prefix for combo games),3/5 via combo endpoint,ABSENT,ABSENT,5/5,50/50 rows,50/50 rows labeled 1-5,50/50 rows,ABSENT,picks+order for 3/5 games; bans ABSENT
KPL2026S2M7W1D2,KPL2026S2,KPL2026S2,常规赛第三轮,2026-07-30 17:00:00,TEAM_HERO,TEAM_SYG,3-0,3,battle_id for 2/3 games,round (1..N),ABSENT (battle_id epoch prefix for combo games),2/3 via combo endpoint,ABSENT,ABSENT,3/3,30/30 rows,30/30 rows labeled 1-5,30/30 rows,ABSENT,picks+order for 2/3 games; bans ABSENT
KPL2026S2M18W1D1,KPL2026S2,KPL2026S2,决赛,2026-09-12 18:00:00,TEAM_WOLVES,TEAM_TTG,3-4,7,battle_id for 3/7 games,round (1..N),ABSENT (battle_id epoch prefix for combo games),3/7 via combo endpoint,ABSENT,ABSENT,7/7,70/70 rows,70/70 rows labeled 1-5,70/70 rows,ABSENT,picks+order for 3/7 games; bans ABSENT
KPL2025S2M1W1D1,KPL2025S2,KPL2025S2,常规赛第一轮,2025-06-05 14:00:00,TEAM_LGD_NBW,TEAM_DRG,1-3,4,battle_id for 0/4 games,round (1..N),ABSENT,0/4 via combo endpoint,ABSENT,ABSENT,4/4,40/40 rows,0/40 rows labeled 1-5,40/40 rows,ABSENT,picks+order for 0/4 games; bans ABSENT
KPL2024S1M1W1D1,KPL2024S1,KPL2024S1,常规赛第一轮,2024-01-31 14:00:00,TEAM_AG,TEAM_TTG,3-1,4,battle_id for 0/4 games,round (1..N),ABSENT,0/4 via combo endpoint,ABSENT,ABSENT,3/4,40/40 rows,0/40 rows labeled 1-5,40/40 rows,ABSENT,picks+order for 0/4 games; bans ABSENT
KPL2023S1M1W1D3,KPL2023S1,KPL2023S1,常规赛第一轮,2023-02-10 20:00:00,TEAM_ESTAR,TEAM_WB,3-1,4,battle_id for 0/4 games,round (1..N),ABSENT,0/4 via combo endpoint,ABSENT,ABSENT,4/4,40/40 rows,0/40 rows labeled 1-5,40/40 rows,ABSENT,picks+order for 0/4 games; bans ABSENT
KPL2022S1M1W1D1,KPL2022S1,KPL2022S1,常规赛第一轮,2022-02-09 15:00:00,TEAM_TTG,TEAM_ESTAR,1-3,4,battle_id for 0/4 games,round (1..N),ABSENT,0/4 via combo endpoint,ABSENT,ABSENT,0/4,0/0 rows,0/0 rows labeled 1-5,0/0 rows,ABSENT,picks+order for 0/4 games; bans ABSENT
