source,endpoint_or_resource,discovery_method,tested,http_status,requires_auth,competition_level,series_level,game_level,team_level,player_level,hero_level,bp_available,boxscore_available,stable_ids,date_available,notes
kplow,POST /kplow/getSeasonAndStageAndTeamList,existing crawler (openkpl.refresh.snapshot) + bundle index-DLQZLYyn.js constant,YES,200,NO,YES,NO,NO,YES,NO,NO,NO,NO,seasonid/stageid/team slot id,season start/end epoch,season list incl. KPL2026S2 season_name=2026年KPL年度总决赛 (see annual_finals_readiness.md)
kplow,POST /kplow/getScheduleList,existing crawler (PythonMajor-assignment src/crawler.py; openkpl.refresh.snapshot),YES,200,NO,YES,YES,NO,YES,NO,NO,NO,NO,scheduleid (series),start_timestamp,backbone of the 1466-series temporal dataset
kplow,POST /kplow/getScheduleProgress,existing crawler (openkpl.refresh.snapshot),YES,200,NO,YES,YES,NO,YES,NO,NO,NO,NO,scheduleid,YES,stage progress only
kplow,POST /kplow/getKVConfig,existing crawler snapshot 001_kv_config.json + bundle constant,YES,200,NO,YES,YES,NO,NO,NO,NO,NO,NO,scheduleid lists,NO,keys: kpl_jhs_match / kpl_js_match / kpl_season_select_list; no patch/version key
kplow,POST /kplow/getScheduleDetail {seasonid scheduleid},bundle constant + call site in Schedule-Cp-VSdyW.js / PlayBack-Dt3FYHoR.js / HomeView-Ddqq4bvT.js,YES,200,NO,NO,YES,YES,YES,YES,YES,NO,NO,scheduleid; playerid; team slot id; hero_id; (scheduleid round) positional game key,NO (series date only via getScheduleList),per-game winner + 10-player lineup (playerid position hero) + game VOD vid; 2022S1 players empty; positions 0 before 2025S3; no side/BP/KDA/duration
kplow,POST /kplow/getSeasonHeroCombo {seasonid},bundle constant + call site HomeView-Ddqq4bvT.js,YES,200,NO,YES,NO,NO,YES,NO,YES,NO,NO,hero_id combos,NO,lists only exist for KPL2026S1/KPL2026S2 (empty 2022-2025)
kplow,POST /kplow/getSeasonHeroComboMatches {seasonid heros [team_id]},bundle constant + call site HomeView-Ddqq4bvT.js (PlayerData2Detail component),YES,200,NO,NO,YES,YES,YES,NO,YES,PARTIAL (picks + order index; no bans),PARTIAL (team kills + duration),battle_id; schedule_id; match_num,schedule_date + battle_id epoch prefix,only games containing a site-listed hero combo: 53.4% of 2026S1 and 58.5% of 2026S2 games; picks/result agree 812/812 with getScheduleDetail
kplow,POST /kplow/getTeamsList {seasonid},bundle constant + call site HomeView-Ddqq4bvT.js,YES,200,NO,NO,NO,NO,YES,YES,NO,NO,NO,team slot id; playerid; openid,NO,registered roster (7-12 per team); works only for KPL2026S1/S2 (historical: result 10020001 GetTeamInfoConfig seasonID not NoneType)
kplow,POST /kplow/getTeamsIntro {seasonid [teamid]},bundle constant + call site Teams-79aFtuw5.js,YES,200,NO,NO,NO,NO,YES,PARTIAL,PARTIAL,NO,PARTIAL (team-season blue/red counts; player season KDA/DMG),team slot id; no playerid in player_msg,NO,default team only when teamid omitted; team_list for all seasons; historical player_msg names empty
kplow,POST /kplow/getSeasonPlayerPerf {seasonid},bundle constant + call site HomeView-Ddqq4bvT.js,YES,200,NO,NO,NO,NO,YES,YES,NO,NO,PARTIAL (season aggregates: KDA TotalKill dmg/taken/gold/participation rates),playerid,NO,empty for 2022S1/S2; 74-134 rows 2023+
kplow,POST /kplow/getPlayerRank {seasonid},bundle constant + call site HomeView-Ddqq4bvT.js,YES,200,NO,NO,NO,NO,NO,YES,NO,NO,PARTIAL (top-5 leaderboards),playerid,NO,9 leaderboards; most empty before 2026
kplow,POST /kplow/getHeroRankList {seasonid},bundle constant + call site HomeView-Ddqq4bvT.js,YES,200,NO,NO,NO,NO,NO,PARTIAL,YES,NO,NO,hero_id,NO,season hero win rate / match count
kplow,POST /kplow/getBattleDetail (no payload),bundle constant + call site LiveBuild-CSHeX4PO.js,YES,200,NO,NO,NO,YES (live only),YES,YES,YES,NO,PARTIAL (live gold/equips/runes),NO,NO,returned status=-1 team_a_info=null (no live game); not usable for completed games
kplow,POST /kplow/getBattleAttr (no payload),bundle constant + call site LiveBuild-CSHeX4PO.js,YES,200,NO,NO,NO,YES (live only),YES,YES,YES,NO,PARTIAL (live),NO,NO,live-only
kplow,POST /kplow/getLiveGFStream,bundle constant + call site LiveBuild-CSHeX4PO.js,YES,200,NO,NO,NO,NO,NO,NO,NO,NO,NO,NO,NO,replay_list/video_list (streams)
kplow,POST /kplow/getProgrammeList,bundle constant + call site Videos-DN_3kzZY.js,NO,,NO,NO,NO,NO,NO,NO,NO,NO,NO,UNKNOWN,UNKNOWN,video programme listing; not tested (no roster/game value expected)
kplow,POST /kplow/getCommentatorList,bundle constant,NO,,NO,NO,NO,NO,NO,NO,NO,NO,NO,UNKNOWN,UNKNOWN,not tested (commentators)
kplow,POST /kplow/getRetireCert {player_code},bundle constant + call site RetireCertificate-CQpip7uX.js,NO,,NO,NO,NO,NO,NO,YES,NO,NO,NO,UNKNOWN,UNKNOWN,retired-player certificate; could evidence historical player identity; not tested (player_code domain unknown; no brute force)
kplow,POST /kplow/getVodPlayInfo,bundle constant only (no call site found),NO,,UNKNOWN,NO,NO,UNKNOWN,NO,NO,NO,NO,NO,UNKNOWN,UNKNOWN,not tested: no documented payload
kplow,Tencent video playback (jt {file_ids}),call site useVodPlayer chunk,NO,,UNKNOWN,NO,NO,YES (VOD),NO,NO,NO,NO,NO,vid,NO,video delivery for round_details.vid; out of scope (no OCR/CV)
kplow,round_details.vid / players[].vid,getScheduleDetail response fields,YES,200,NO,NO,NO,YES,NO,YES (2026S2 only),NO,NO,NO,vid,NO,game VOD for every tested game with records; per-player vid from 2026-06-24 (cutoff hard-coded in Schedule chunk)
kpl.qq.com,site HTML + static JS bundle,GET https://kpl.qq.com/ (Referer origin of existing crawler headers),YES,200,NO,,,,,,,,,,,source of endpoint list; saved under data/raw/roster_discovery/2026-09-29/site/
