model_id,reference,n_rows,n_clusters,bootstrap_samples,mean_delta_log_loss,delta_log_loss_ci_low,delta_log_loss_ci_high,frac_beats_ref_log_loss,mean_delta_brier,delta_brier_ci_low,delta_brier_ci_high,cluster,strata
D0R,D0,1426,351,2000,0.0012896597402039915,-0.0008176459441959393,0.0034441607725353048,0.1115,0.0005676013225232167,-0.0004106012485754145,0.0015629702255822678,series_id,season
D1,D0,1426,351,2000,-0.0009014023034806631,-0.003926087717876315,0.002046859852389286,0.736,-0.0005094381356258118,-0.0019197062843834027,0.0008565838140920715,series_id,season
D1R,D0,1426,351,2000,0.0001275368068173288,-0.002897885093561669,0.0031849521196581922,0.476,-3.044317230451131e-05,-0.00145288053474072,0.0014153338254742883,series_id,season
D2,D0,1426,351,2000,-0.0001215894897956186,-0.0049720292880195225,0.004499335609708534,0.525,-0.00016334939876338708,-0.0024423195210657007,0.002022565449266218,series_id,season
D3,D0,1426,351,2000,0.0005937432700228934,-0.005592176405699922,0.00661082591681873,0.439,0.00016051930475065903,-0.002763800307997198,0.0029871433099863958,series_id,season
D4,D0,1426,351,2000,0.0016389487187432508,-0.004838164020691039,0.007757718570117198,0.3215,0.0006405496132937133,-0.002330019583523679,0.0035273699237488637,series_id,season
D5,D0,1426,351,2000,0.0016787456873407762,-0.004741893011859547,0.007986833161093842,0.3255,0.0006117870854154494,-0.0024120675134740597,0.003546586151214642,series_id,season
D6,D0,1426,351,2000,0.017253230736393666,0.005439048200653201,0.029491161974347722,0.0,0.00749227365038689,0.00220295176428791,0.012850785888783973,series_id,season
D0,D0R,1426,351,2000,-0.0012896597402039915,-0.0034441607725353065,0.0008176459441959384,0.8885,-0.0005676013225232167,-0.001562970225582268,0.00041060124857541434,series_id,season
D1,D0R,1426,351,2000,-0.002191062043684654,-0.004394803414521295,2.5613841801193033e-05,0.9725,-0.0010770394581490286,-0.0021228311889516815,-2.8813094332383478e-05,series_id,season
D1R,D0R,1426,351,2000,-0.0011621229333866625,-0.0034880647216800906,0.001176063377324786,0.827,-0.000598044494827728,-0.0017130266558161961,0.0005177123367365891,series_id,season
D2,D0R,1426,351,2000,-0.0014112492299996103,-0.0057451609108646945,0.0026539258886904573,0.7395,-0.0007309507212866041,-0.002787680415719073,0.001171490529569691,series_id,season
D3,D0R,1426,351,2000,-0.0006959164701810987,-0.006550754532659882,0.004888270388815457,0.597,-0.0004070820177725578,-0.003094171753566184,0.0022366668354283324,series_id,season
D4,D0R,1426,351,2000,0.0003492889785392604,-0.005534666431147339,0.006128128358820956,0.457,7.294829077049657e-05,-0.002708197893219306,0.002792572722068674,series_id,season
D5,D0R,1426,351,2000,0.0003890859471367854,-0.0055842579930053225,0.00609873161136247,0.453,4.418576289223224e-05,-0.0027170401154048437,0.0027847321733377216,series_id,season
D6,D0R,1426,351,2000,0.015963570996189676,0.00476316570041533,0.027765394133488195,0.0015,0.006924672327863673,0.0019256911913072725,0.012168739339764756,series_id,season
