team_id,n_games,mean_DIG,result_minus_pre_draft,mean_pre,mean_post,draft_implied_shift,label
TEAM_AG,168,0.0027526362955090544,0.06056563708056106,0.4870534105384866,0.5046959216320911,0.017642511093604485,EXPLORATORY team-level draft residual; NOT coach quality / coach draft value
TEAM_BOA,33,-0.0021990350586442264,-0.06120563703066323,0.45514503097005715,0.3809386241860595,-0.07420640678399765,EXPLORATORY team-level draft residual; NOT coach quality / coach draft value
TEAM_DRG,194,0.005316105695313761,0.013479691800484028,0.5535306174778665,0.5679062943021028,0.01437567682423635,EXPLORATORY team-level draft residual; NOT coach quality / coach draft value
TEAM_DYG,147,-0.013393702491189109,0.004478395742031627,0.4172903117409616,0.420515796610438,0.0032254848694763805,EXPLORATORY team-level draft residual; NOT coach quality / coach draft value
TEAM_EDGM,121,0.0017013395868567364,-0.0370509276105081,0.5081253077757973,0.5007749394931235,-0.00735036828267388,EXPLORATORY team-level draft residual; NOT coach quality / coach draft value
TEAM_ESTAR,181,-0.0010201042075913952,-0.04226394760199881,0.5616009641765844,0.5510741417868011,-0.010526822389783308,EXPLORATORY team-level draft residual; NOT coach quality / coach draft value
TEAM_HERO,183,0.0052914291051410186,-0.032037577756865,0.5183763755710726,0.5235997955926355,0.005223420021562841,EXPLORATORY team-level draft residual; NOT coach quality / coach draft value
TEAM_KSG,188,0.004232311347348089,0.03429896896271567,0.5135733714628162,0.5210468245044356,0.007473453041619393,EXPLORATORY team-level draft residual; NOT coach quality / coach draft value
TEAM_LGD_NBW,161,-0.017963146690831346,0.03993072173953116,0.4631748683225806,0.4491178525826049,-0.014057015739975698,EXPLORATORY team-level draft residual; NOT coach quality / coach draft value
TEAM_MTG,100,0.0009849265531638573,-0.07908696071419402,0.499086960714194,0.4834297380017537,-0.0156572227124403,EXPLORATORY team-level draft residual; NOT coach quality / coach draft value
TEAM_RNGM,104,0.011508479843037343,-0.1078207133934676,0.36743609800885224,0.356867226782386,-0.010568871226466214,EXPLORATORY team-level draft residual; NOT coach quality / coach draft value
TEAM_RW,168,-0.020828696222053415,0.03245711010638497,0.4615905089412341,0.4625003879004228,0.0009098789591887035,EXPLORATORY team-level draft residual; NOT coach quality / coach draft value
TEAM_TESA,173,-0.0055020050581355085,0.042829423455325255,0.4600607499550794,0.4545586735226208,-0.005502076432458591,EXPLORATORY team-level draft residual; NOT coach quality / coach draft value
TEAM_TTG,184,-0.002322598886252948,0.06389884586652128,0.5339272410900004,0.539387735976952,0.00546049488695155,EXPLORATORY team-level draft residual; NOT coach quality / coach draft value
TEAM_VG,99,-0.010231853290810925,-0.06114072183173552,0.39447405516506884,0.40387045815246464,0.009396402987395802,EXPLORATORY team-level draft residual; NOT coach quality / coach draft value
TEAM_WB,195,-0.004634789185915778,0.01123698452454791,0.5631219898344264,0.5548753544775902,-0.00824663535683623,EXPLORATORY team-level draft residual; NOT coach quality / coach draft value
TEAM_WE,116,0.001848939650698568,-0.007917002810817697,0.42171010625909355,0.4284055226004063,0.006695416341312765,EXPLORATORY team-level draft residual; NOT coach quality / coach draft value
TEAM_WOLVES,193,0.0018115079901951314,0.007745061671701636,0.6399233321106818,0.6452835176247614,0.005360185514079685,EXPLORATORY team-level draft residual; NOT coach quality / coach draft value
TEAM_XYG,144,0.012516808690622262,-0.05918188540196445,0.46195966317974224,0.4636589351925319,0.0016992720127896321,EXPLORATORY team-level draft residual; NOT coach quality / coach draft value
