group_by,group,n_games,mean_DIG_vs_D0,mean_DIG_vs_D0R,mean_delta_brier_vs_D0,mean_delta_brier_vs_D0R,post_draft_model
season,KPL2023S1,560,-0.005556431912489633,-0.0026897135711395587,0.0023391929946388343,0.0010576698908165642,D5
season,KPL2023S2,555,-0.0037919527026316338,-0.0037174445270173402,0.0016340223751061427,0.0016139455908158345,D5
season,KPL2024S1,311,0.00907474042060066,0.009693198558571455,-0.0043229006796759685,-0.00458207731149756,D5
first_pick_side,team_a,702,-0.0013935589073100552,0.001113108495446625,0.00034434352052073767,-0.0007430911477134012,D5
first_pick_side,team_b,724,-0.001955266570740728,-0.0018456335972660016,0.0008711039121503765,0.000807539894446313,D5
game_number,1,346,-0.008556451218644342,-0.008122472425257673,0.0042017594643944545,0.003965982241749109,D5
game_number,2,348,-0.003441629212996993,0.0024264297052849237,0.0012921832471526247,-0.0013578897250389494,D5
game_number,3,351,0.0034233319445231133,0.0036715647365972944,-0.0016011672525863743,-0.0016088525778304543,D5
game_number,4,245,0.007859996227422854,0.00675891819811261,-0.004366366519926026,-0.003980239113052444,D5
game_number,5,118,-0.009129633123630347,-0.010510598220074626,0.0038716555298142006,0.004702860707965829,D5
game_number,6,18,-0.015870230112882296,-0.016292346112860318,0.007990777201914137,0.008236274473836451,D5
format,BO5,1253,-0.003142814383766304,-0.001330190915545701,0.0012858418605679563,0.0004691808522052128,D5
format,BO7,173,0.008925173830700767,0.006427125182437625,-0.0042702396964694736,-0.003033957860860166,D5
ALL,ALL,1426,-0.0016787456873407762,-0.0003890859471367854,0.0006117870854154494,4.418576289223224e-05,D5
