model_id,n,log_loss,brier,accuracy,roc_auc,ece,calibration_intercept,calibration_slope,mean_predicted_p,observed_win_rate,notes,vs_D0_reference,vs_D0_n_rows,vs_D0_n_clusters,vs_D0_bootstrap_samples,vs_D0_mean_delta_log_loss,vs_D0_delta_log_loss_ci_low,vs_D0_delta_log_loss_ci_high,vs_D0_frac_beats_ref_log_loss,vs_D0_mean_delta_brier,vs_D0_delta_brier_ci_low,vs_D0_delta_brier_ci_high,vs_D0_cluster,vs_D0_strata,n_features,n_fitted_parameters_max,train_rows_per_fold,validation_rows
D0,1426,0.6706130028921691,0.2389076879075912,0.5834502103786816,0.6213961411957257,0.02169826611353801,-0.019524738859667056,0.9723087681607615,0.5081600563357996,0.5035063113604488,,,,,,,,,,,,,,,0,0,373|933|1488,1426
D0R,1426,0.6719026626323731,0.23947528923011444,0.5855539971949509,0.6192096296995736,0.021092024928281654,-0.059984583373490885,0.953462581515883,0.5177974831389366,0.5035063113604488,,D0,1426.0,351.0,2000.0,0.0012896597402039915,-0.0008176459441959393,0.0034441607725353048,0.1115,0.0005676013225232167,-0.0004106012485754145,0.0015629702255822678,series_id,season,1,2,373|933|1488,1426
D1,1426,0.6697116005886885,0.2383982497719654,0.5890603085553997,0.625958012684324,0.029408678725906936,-0.062466042306324875,0.985442892105626,0.5183641935022949,0.5035063113604488,,D0,1426.0,351.0,2000.0,-0.0009014023034806631,-0.003926087717876315,0.002046859852389286,0.736,-0.0005094381356258118,-0.0019197062843834027,0.0008565838140920715,series_id,season,4,5,373|933|1488,1426
D2,1426,0.6704914134023735,0.2387443385088278,0.5876577840112202,0.6240026438789481,0.02906595683956357,-0.0656309446402996,0.9136860503754778,0.5190197505720033,0.5035063113604488,,D0,1426.0,351.0,2000.0,-0.0001215894897956186,-0.0049720292880195225,0.004499335609708534,0.525,-0.00016334939876338708,-0.0024423195210657007,0.002022565449266218,series_id,season,6,7,373|933|1488,1426
D3,1426,0.671206746162192,0.23906820721234187,0.5925666199158486,0.6216794139401665,0.019752348495352786,-0.05790387902638794,0.8520566948213156,0.5171055123633521,0.5035063113604488,,D0,1426.0,351.0,2000.0,0.0005937432700228934,-0.005592176405699922,0.00661082591681873,0.439,0.00016051930475065903,-0.002763800307997198,0.0029871433099863958,series_id,season,8,9,373|933|1488,1426
D4,1426,0.6722519516109123,0.23954823752088494,0.5918653576437588,0.6203082951701997,0.022881737133577322,-0.054012210491996095,0.8283402856949185,0.5161804084624434,0.5035063113604488,,D0,1426.0,351.0,2000.0,0.0016389487187432508,-0.004838164020691039,0.007757718570117198,0.3215,0.0006405496132937133,-0.002330019583523679,0.0035273699237488637,series_id,season,9,10,373|933|1488,1426
D1R,1426,0.6707405396989864,0.2388772447352867,0.5925666199158486,0.6237311741655257,0.021968065515391093,-0.06159001466329873,0.9600107921960696,0.5181516584951176,0.5035063113604488,,D0,1426.0,351.0,2000.0,0.0001275368068173288,-0.002897885093561669,0.0031849521196581922,0.476,-3.044317230451131e-05,-0.00145288053474072,0.0014153338254742883,series_id,season,4,5,373|933|1488,1426
D5,1426,0.6722917485795099,0.23951947499300666,0.5883590462833099,0.6212486033079961,0.02233781270347803,-0.055453605207828445,0.8291858383719687,0.5165212466615093,0.5035063113604488,,D0,1426.0,351.0,2000.0,0.0016787456873407762,-0.004741893011859547,0.007986833161093842,0.3255,0.0006117870854154494,-0.0024120675134740597,0.003546586151214642,series_id,season,10,11,373|933|1488,1426
D6,1426,0.6878662336285628,0.24639996155797808,0.5701262272089762,0.5924708465133847,0.0333517842893856,-0.08086117561967998,0.5832686202470889,0.5224749690621366,0.5035063113604488,,D0,1426.0,351.0,2000.0,0.017253230736393666,0.005439048200653201,0.029491161974347722,0.0,0.00749227365038689,0.00220295176428791,0.012850785888783973,series_id,season,10,595,373|933|1488,1426
