model_id,season,n,log_loss,brier,accuracy,roc_auc,ece,calibration_intercept,calibration_slope,mean_predicted_p,observed_win_rate,notes,train_rows,hyperparameters
D0,KPL2023S1,560,0.6756521907308927,0.24146049274783934,0.5660714285714286,0.6020113473727253,0.020051101156908707,-0.06187702668277709,0.9195999175897966,0.4934211449726393,0.4785714285714286,,373,raw B5_game probability (no fitting)
D0R,KPL2023S1,560,0.6785189090722428,0.24274201585166155,0.5714285714285714,0.600663207932938,0.03484112521030056,-0.14499104612983,0.9149199949501945,0.5134125537817291,0.4785714285714286,,373,control: logistic recalibration of D0
D1,KPL2023S1,560,0.678248017806119,0.24258626600254393,0.5732142857142857,0.6038642404416275,0.04142867116133002,-0.14906962470044977,0.9192772824849602,0.5143720501080384,0.4785714285714286,,373,"C=1.0; K=10, min_n=0"
D2,KPL2023S1,560,0.6790498358143239,0.2429460914169542,0.5803571428571429,0.6025480474340625,0.039049970489735845,-0.15480088654032617,0.7875155431322975,0.5152041664525159,0.4785714285714286,,373,"C=1.0; K=10, min_n=0"
D3,KPL2023S1,560,0.6805066922595862,0.24357301269294893,0.5678571428571428,0.599736761398487,0.053833915503868665,-0.140882255603184,0.6964908557507357,0.5114802782313714,0.4785714285714286,,373,"C=1.0; K=10, min_n=0"
D4,KPL2023S1,560,0.6809791456553105,0.2437949834677915,0.5678571428571428,0.5988550398691475,0.055954165434845805,-0.13958686197198414,0.6888901762543969,0.5111788416928984,0.4785714285714286,,373,"C=1.0; K=10, min_n=0"
D1R,KPL2023S1,560,0.678248017806119,0.24258626600254393,0.5732142857142857,0.6038642404416275,0.04142867116133002,-0.14906962470044977,0.9192772824849602,0.5143720501080384,0.4785714285714286,,373,C=1.0; recency half-life=inf
D5,KPL2023S1,560,0.6812086226433823,0.24379968574247815,0.5625,0.6017557759149458,0.05345731470005094,-0.14618370607280426,0.6862742806541262,0.5126926294155948,0.4785714285714286,,373,C=1.0 (no inner season (single training season): a-priori default)
D6,KPL2023S1,560,0.7168968881036372,0.259013444793377,0.5464285714285714,0.5644103966469024,0.08003946714995627,-0.25604227486987036,0.31805157349016105,0.5368123108089766,0.4785714285714286,,373,"{'max_iter': 100, 'max_depth': 3} (no inner season (single training season): a-priori default)"
D0,KPL2023S2,555,0.6690760377779319,0.2381652293012196,0.5873873873873874,0.6213018907234752,0.03507990803323375,0.04684281120936845,1.087119058127081,0.5148888243421671,0.5261261261261261,,933,raw B5_game probability (no fitting)
D0R,KPL2023S2,555,0.6691505459535462,0.23818530608550995,0.5873873873873874,0.6213409552580863,0.038815029400606264,0.0403421757899296,1.090179526709663,0.5164454214402264,0.5261261261261261,,933,control: logistic recalibration of D0
D1,KPL2023S2,555,0.6666014256081485,0.2369265416002365,0.590990990990991,0.6276498775977917,0.03444380003156393,0.037520354818969134,1.1124533320872483,0.5171491221735961,0.5261261261261261,,933,"C=1.0; K=2, min_n=5"
D2,KPL2023S2,555,0.6687596899836562,0.2378577550231102,0.5801801801801801,0.626881608417105,0.019463785129850034,0.03265742338629175,1.0804901356175172,0.5182999883386128,0.5261261261261261,,933,"C=1.0; K=2, min_n=5"
D3,KPL2023S2,555,0.6705223708469973,0.23873454429630495,0.5963963963963964,0.6219594770560967,0.02420716273577884,0.04123039531893649,1.0117930248950864,0.5162611997676914,0.5261261261261261,,933,"C=1.0; K=2, min_n=5"
D4,KPL2023S2,555,0.6729709157106641,0.239849324970276,0.5963963963963964,0.619394239283296,0.029063801415318117,0.05034139492110045,0.9309535822054258,0.5141028774560779,0.5261261261261261,,933,"C=1.0; K=2, min_n=5"
D1R,KPL2023S2,555,0.6692451502410945,0.2381572565870764,0.6,0.6238475962289702,0.026136969221430342,0.03983079113513,1.0344577507900314,0.5166030412362358,0.5261261261261261,,933,C=1.0; recency half-life=60.0
D5,KPL2023S2,555,0.6728679904805634,0.2397992516763258,0.5927927927927928,0.6192900671909995,0.01982439229657486,0.0503597445921815,0.9456947741589213,0.5140848880181431,0.5261261261261261,,933,"C=0.3 (inner: fit 1 season(s), validate KPL2023S1)"
D6,KPL2023S2,555,0.6757746560961626,0.24146500636620002,0.5711711711711712,0.5973162664722121,0.01857862641126291,0.07333626676845516,1.1160421291535534,0.5083086568445625,0.5261261261261261,,933,"{'max_iter': 50, 'max_depth': 2} (inner: fit 1 season(s), validate KPL2023S1)"
D0,KPL2024S1,311,0.6642820397047622,0.23563596384327384,0.6077170418006431,0.6426118970795069,0.03258397091554549,-0.06313115306694018,0.8967664152741575,0.5226916451455614,0.5080385852090032,,1488,raw B5_game probability (no fitting)
D0R,KPL2024S1,311,0.664900497842733,0.23589514047509544,0.6077170418006431,0.6426118970795069,0.02982230828802808,-0.08692055367287477,0.8679871060179114,0.5281060190965586,0.5080385852090032,,1488,control: logistic recalibration of D0
D1,KPL2024S1,311,0.6598908722042461,0.2334834875410509,0.6141479099678456,0.6513609663274593,0.04412438397001861,-0.08536350769430831,0.9273995602783774,0.5277209937859333,0.5080385852090032,,1488,"C=1.0; K=2, min_n=0"
D2,KPL2024S1,311,0.6581711238419099,0.23276064785295164,0.6141479099678456,0.6545875734259949,0.049105675881181664,-0.08341378807491831,0.9212273928527839,0.5271747188885458,0.5080385852090032,,1488,"C=1.0; K=2, min_n=0"
D3,KPL2024S1,311,0.6556821753756724,0.23155210383375846,0.6302250803858521,0.660254819227269,0.029345935545706255,-0.09053955936506874,0.9367352018374903,0.5287412827958311,0.5080385852090032,,1488,"C=1.0; K=2, min_n=0"
D4,KPL2024S1,311,0.6552543511600276,0.23136405339008204,0.6270096463022508,0.6612062546537603,0.03912153706332448,-0.09127286555806793,0.9384704715652145,0.5288939361134982,0.5080385852090032,,1488,"C=1.0; K=2, min_n=0"
D1R,KPL2024S1,311,0.6598908722042461,0.2334834875410509,0.6141479099678456,0.6513609663274593,0.04412438397001861,-0.08536350769430832,0.9273995602783776,0.5277209937859333,0.5080385852090032,,1488,C=1.0; recency half-life=inf
D5,KPL2024S1,311,0.6552072992841615,0.23131306316359782,0.6270096463022508,0.6610407876230662,0.034957603766143146,-0.08630554372246566,0.9384523955327996,0.5277630624325078,0.5080385852090032,,1488,"C=1.0 (inner: fit 2 season(s), validate KPL2023S2)"
D6,KPL2024S1,311,0.657170603482069,0.23249433300368055,0.6109324758842444,0.658227848101266,0.05024382616994546,-0.059841468919987685,1.0083296068137797,0.5219392517069064,0.5080385852090032,,1488,"{'max_iter': 50, 'max_depth': 3} (inner: fit 2 season(s), validate KPL2023S2)"
