model_id,mode,season,n,log_loss,brier,accuracy,roc_auc,ece,calibration_intercept,calibration_slope,mean_predicted_p,observed_win_rate,notes
G0,PRE_SERIES,KPL2023S1,570,0.6931471805599454,0.25,0.4789473684210526,0.5,0.02105263157894738,-0.08426034361773976,,0.5,0.4789473684210526,ROC AUC = 0.5 by construction: constant predictions; calibration slope undefined: predicted probabilities are constant
G0,LIVE_SERIES,KPL2023S1,570,0.6931471805599454,0.25,0.4789473684210526,0.5,0.02105263157894738,-0.08426034361773976,,0.5,0.4789473684210526,ROC AUC = 0.5 by construction: constant predictions; calibration slope undefined: predicted probabilities are constant
G1,PRE_SERIES,KPL2023S1,570,0.6820400385435385,0.2444948039836123,0.5596491228070175,0.5843785843785845,0.01858504246896709,-0.06706730547058937,1.4399944882525268,0.49550747023701,0.4789473684210526,
G1,LIVE_SERIES,KPL2023S1,570,0.6820209047534597,0.24449055927394475,0.5578947368421052,0.581936581936582,0.01957961572887387,-0.06554902964195863,1.42125614300754,0.49512865897312225,0.4789473684210526,
G2,PRE_SERIES,KPL2023S1,570,0.6902274452419178,0.24853713393684945,0.5350877192982456,0.5457628790962125,0.0183037018484001,-0.0684915053775482,0.816895200608233,0.49591757435585015,0.4789473684210526,
G2,LIVE_SERIES,KPL2023S1,570,0.6898596170210921,0.24835883772812498,0.5333333333333333,0.5475758809092143,0.01618706130096956,-0.06538604697694886,0.8230776003379976,0.4951344297220222,0.4789473684210526,
G3,PRE_SERIES,KPL2023S1,570,0.6820400385435385,0.2444948039836123,0.5596491228070175,0.5843785843785845,0.01858504246896709,-0.06706730547058937,1.4399944882525268,0.49550747023701,0.4789473684210526,
G3,LIVE_SERIES,KPL2023S1,570,0.6820209047534597,0.24449055927394475,0.5578947368421052,0.581936581936582,0.01957961572887387,-0.06554902964195863,1.42125614300754,0.49512865897312225,0.4789473684210526,
G4,PRE_SERIES,KPL2023S1,570,0.6817404929931564,0.24434820289325138,0.5578947368421052,0.5860929194262527,0.01844567773745778,-0.06658087317059423,1.438230745716172,0.495381657565768,0.4789473684210526,
G4,LIVE_SERIES,KPL2023S1,570,0.6817404929931564,0.24434820289325138,0.5578947368421052,0.5860929194262527,0.01844567773745778,-0.06658087317059423,1.438230745716172,0.495381657565768,0.4789473684210526,
G*,PRE_SERIES,KPL2023S1,570,0.6902274452419178,0.24853713393684945,0.5350877192982456,0.5457628790962125,0.0183037018484001,-0.0684915053775482,0.816895200608233,0.49591757435585015,0.4789473684210526,
G*,LIVE_SERIES,KPL2023S1,570,0.6898596170210921,0.24835883772812498,0.5333333333333333,0.5475758809092143,0.01618706130096956,-0.06538604697694886,0.8230776003379976,0.4951344297220222,0.4789473684210526,
G5,PRE_SERIES,KPL2023S1,570,0.6819955385650261,0.24428016227227395,0.5719298245614035,0.5992279325612658,0.04771351981690011,-0.16978939682787855,0.7344641712345086,0.5191058353019399,0.4789473684210526,
G5,LIVE_SERIES,KPL2023S1,570,0.6826189940135342,0.2446570431532919,0.5771929824561404,0.5940602607269273,0.04571699825370489,-0.1644182345204695,0.7456954647246959,0.5180312583350846,0.4789473684210526,
G0,PRE_SERIES,KPL2023S2,561,0.6931471805599454,0.25,0.5240641711229946,0.5,0.024064171122994638,0.09633110893843205,,0.5,0.5240641711229946,ROC AUC = 0.5 by construction: constant predictions; calibration slope undefined: predicted probabilities are constant
G0,LIVE_SERIES,KPL2023S2,561,0.6931471805599454,0.25,0.5240641711229946,0.5,0.024064171122994638,0.09633110893843205,,0.5,0.5240641711229946,ROC AUC = 0.5 by construction: constant predictions; calibration slope undefined: predicted probabilities are constant
G1,PRE_SERIES,KPL2023S2,561,0.6657783573324556,0.23673934533780994,0.5864527629233511,0.6243725954801396,0.01819104891423542,0.04147995331454046,1.2268811455190423,0.5140889420951441,0.5240641711229946,
G1,LIVE_SERIES,KPL2023S2,561,0.663794726208013,0.23581482956321,0.5811051693404634,0.6282325664348136,0.03176374479573503,0.04131377109570787,1.2721307536357627,0.51413564629251,0.5240641711229946,
G2,PRE_SERIES,KPL2023S2,561,0.6668953859048327,0.23718026290787894,0.5793226381461676,0.6288313078040204,0.02019496169392484,0.05101653668671512,1.480844249816073,0.5116667175053531,0.5240641711229946,
G2,LIVE_SERIES,KPL2023S2,561,0.6649847042220735,0.23627845720745033,0.5846702317290553,0.6306784886239138,0.025630512200323412,0.05030960826661236,1.5101859540104665,0.5118545790184125,0.5240641711229946,
G3,PRE_SERIES,KPL2023S2,561,0.6657783573324556,0.23673934533780994,0.5864527629233511,0.6243725954801396,0.01819104891423542,0.04147995331454046,1.2268811455190423,0.5140889420951441,0.5240641711229946,
G3,LIVE_SERIES,KPL2023S2,561,0.663794726208013,0.23581482956321,0.5811051693404634,0.6282325664348136,0.03176374479573503,0.04131377109570787,1.2721307536357627,0.51413564629251,0.5240641711229946,
G4,PRE_SERIES,KPL2023S2,561,0.6652078509451392,0.2364628284839713,0.5864527629233511,0.6264618206833295,0.017659046447457947,0.03964344077740913,1.2310067347652507,0.5145366194910926,0.5240641711229946,
G4,LIVE_SERIES,KPL2023S2,561,0.6652078509451392,0.2364628284839713,0.5864527629233511,0.6264618206833295,0.017659046447457947,0.03964344077740913,1.2310067347652507,0.5145366194910926,0.5240641711229946,
G*,PRE_SERIES,KPL2023S2,561,0.6652078509451392,0.2364628284839713,0.5864527629233511,0.6264618206833295,0.017659046447457947,0.03964344077740913,1.2310067347652507,0.5145366194910926,0.5240641711229946,
G*,LIVE_SERIES,KPL2023S2,561,0.6652078509451392,0.2364628284839713,0.5864527629233511,0.6264618206833295,0.017659046447457947,0.03964344077740913,1.2310067347652507,0.5145366194910926,0.5240641711229946,
G5,PRE_SERIES,KPL2023S2,561,0.6684427429005902,0.2378948644592902,0.5846702317290553,0.6213916278121736,0.03675384554682155,0.027444336178522995,1.11891000444256,0.5174752842516017,0.5240641711229946,
G5,LIVE_SERIES,KPL2023S2,561,0.6684427429005902,0.2378948644592902,0.5846702317290553,0.6213916278121736,0.03675384554682155,0.027444336178522995,1.11891000444256,0.5174752842516017,0.5240641711229946,
G0,PRE_SERIES,KPL2024S1,553,0.6931471805599453,0.25,0.5189873417721519,0.5,0.01898734177215189,0.07598590697792162,,0.5,0.5189873417721519,ROC AUC = 0.5 by construction: constant predictions; calibration slope undefined: predicted probabilities are constant
G0,LIVE_SERIES,KPL2024S1,553,0.6931471805599453,0.25,0.5189873417721519,0.5,0.01898734177215189,0.07598590697792162,,0.5,0.5189873417721519,ROC AUC = 0.5 by construction: constant predictions; calibration slope undefined: predicted probabilities are constant
G1,PRE_SERIES,KPL2024S1,553,0.6709245038147351,0.23821260197176414,0.5895117540687161,0.631781981085117,0.05996281833844847,-0.02234838499600685,0.7376001439230352,0.5241127432254012,0.5189873417721519,
G1,LIVE_SERIES,KPL2024S1,553,0.6673356039462535,0.2365907952193591,0.6256781193490054,0.6394121191480443,0.046422042062854676,-0.01616038469333954,0.7903031489038291,0.5227020696556213,0.5189873417721519,
G2,PRE_SERIES,KPL2024S1,553,0.6655921089174953,0.23634558066633787,0.6021699819168174,0.6371787482643891,0.026859927809829754,0.0023689052568763567,1.0276017789003442,0.5184254706517695,0.5189873417721519,
G2,LIVE_SERIES,KPL2024S1,553,0.6627077247587977,0.23494300520098418,0.6220614828209765,0.644992271619816,0.045770880092378785,0.0069626643576378615,1.0849880170484263,0.5173363752871464,0.5189873417721519,
G3,PRE_SERIES,KPL2024S1,553,0.6709245038147351,0.23821260197176414,0.5895117540687161,0.631781981085117,0.05996281833844847,-0.02234838499600685,0.7376001439230352,0.5241127432254012,0.5189873417721519,
G3,LIVE_SERIES,KPL2024S1,553,0.6673356039462535,0.2365907952193591,0.6256781193490054,0.6394121191480443,0.046422042062854676,-0.01616038469333954,0.7903031489038291,0.5227020696556213,0.5189873417721519,
G4,PRE_SERIES,KPL2024S1,553,0.6719466472877569,0.23861069889244782,0.5858951175406871,0.632083256922795,0.05729561404736389,-0.021947877497003467,0.7199358359446782,0.5240129395835362,0.5189873417721519,
G4,LIVE_SERIES,KPL2024S1,553,0.6719466472877569,0.23861069889244782,0.5858951175406871,0.632083256922795,0.05729561404736389,-0.021947877497003467,0.7199358359446782,0.5240129395835362,0.5189873417721519,
G*,PRE_SERIES,KPL2024S1,553,0.6719466472877569,0.23861069889244782,0.5858951175406871,0.632083256922795,0.05729561404736389,-0.021947877497003467,0.7199358359446782,0.5240129395835362,0.5189873417721519,
G*,LIVE_SERIES,KPL2024S1,553,0.6719466472877569,0.23861069889244782,0.5858951175406871,0.632083256922795,0.05729561404736389,-0.021947877497003467,0.7199358359446782,0.5240129395835362,0.5189873417721519,
G5,PRE_SERIES,KPL2024S1,553,0.6685713948917628,0.23752806835022194,0.5732368896925859,0.6298171386654791,0.07342999935957568,-0.04295895472569054,0.8222224671914891,0.5289543823940508,0.5189873417721519,
G5,LIVE_SERIES,KPL2024S1,553,0.6685713948917628,0.23752806835022194,0.5732368896925859,0.6298171386654791,0.07342999935957568,-0.04295895472569054,0.8222224671914891,0.5289543823940508,0.5189873417721519,
G0,PRE_SERIES,KPL2024S2,573,0.6931471805599453,0.25,0.5130890052356021,0.5,0.01308900523560208,0.052367985517316154,,0.5,0.5130890052356021,ROC AUC = 0.5 by construction: constant predictions; calibration slope undefined: predicted probabilities are constant
G0,LIVE_SERIES,KPL2024S2,573,0.6931471805599453,0.25,0.5130890052356021,0.5,0.01308900523560208,0.052367985517316154,,0.5,0.5130890052356021,ROC AUC = 0.5 by construction: constant predictions; calibration slope undefined: predicted probabilities are constant
G1,PRE_SERIES,KPL2024S2,573,0.6713144228349985,0.239399402388517,0.5741710296684118,0.6172250262112015,0.03043078950079427,-0.11222947642705801,0.9123115696200135,0.5395791447017494,0.5130890052356021,
G1,LIVE_SERIES,KPL2024S2,573,0.6706934615118971,0.23913138535991435,0.5828970331588132,0.616341160119962,0.025617834588102437,-0.10237212550987806,0.9310619243308214,0.5372916570973975,0.5130890052356021,
G2,PRE_SERIES,KPL2024S2,573,0.6711929852498018,0.23939904058691308,0.5828970331588132,0.6158596054909419,0.037067232727262533,-0.10836268178599529,0.984231873713029,0.5388598444311096,0.5130890052356021,
G2,LIVE_SERIES,KPL2024S2,573,0.6707079110553084,0.23920042338675665,0.5846422338568935,0.6144758978860361,0.03790321972001602,-0.09558840505432911,0.9953739067851215,0.5358439040060038,0.5130890052356021,
G3,PRE_SERIES,KPL2024S2,573,0.6713679385807604,0.23941449063406153,0.5828970331588132,0.6163594470046083,0.025801292977391425,-0.09715222781510632,1.0528587236761457,0.536343601043507,0.5130890052356021,
G3,LIVE_SERIES,KPL2024S2,573,0.6709458852596958,0.23923783365564108,0.5898778359511344,0.6143783678345891,0.02407211435473109,-0.0849908245656772,1.0588750712152095,0.5334412591214951,0.5130890052356021,
G4,PRE_SERIES,KPL2024S2,573,0.6714224348006848,0.23945542388131028,0.5863874345549738,0.6170543486211687,0.03558160346637045,-0.09718173697360566,1.0391992846222735,0.5363307179102446,0.5130890052356021,
G4,LIVE_SERIES,KPL2024S2,573,0.6714224348006848,0.23945542388131028,0.5863874345549738,0.6170543486211687,0.03558160346637045,-0.09718173697360566,1.0391992846222735,0.5363307179102446,0.5130890052356021,
G*,PRE_SERIES,KPL2024S2,573,0.6714224348006848,0.23945542388131028,0.5863874345549738,0.6170543486211687,0.03558160346637045,-0.09718173697360566,1.0391992846222735,0.5363307179102446,0.5130890052356021,
G*,LIVE_SERIES,KPL2024S2,573,0.6714224348006848,0.23945542388131028,0.5863874345549738,0.6170543486211687,0.03558160346637045,-0.09718173697360566,1.0391992846222735,0.5363307179102446,0.5130890052356021,
G5,PRE_SERIES,KPL2024S2,573,0.6731371773067887,0.24022861795794695,0.581151832460733,0.6111903542779118,0.028450679725753214,-0.11113096152971917,0.943791644446047,0.5395197177051628,0.5130890052356021,
G5,LIVE_SERIES,KPL2024S2,573,0.6731371773067887,0.24022861795794695,0.581151832460733,0.6111903542779118,0.028450679725753214,-0.11113096152971917,0.943791644446047,0.5395197177051628,0.5130890052356021,
G0,PRE_SERIES,KPL2024S3,240,0.6931471805599453,0.25,0.575,0.5,0.07499999999999996,0.3022808718729334,,0.5,0.575,ROC AUC = 0.5 by construction: constant predictions; calibration slope undefined: predicted probabilities are constant
G0,LIVE_SERIES,KPL2024S3,240,0.6931471805599453,0.25,0.575,0.5,0.07499999999999996,0.3022808718729334,,0.5,0.575,ROC AUC = 0.5 by construction: constant predictions; calibration slope undefined: predicted probabilities are constant
G1,PRE_SERIES,KPL2024S3,240,0.6704594689783078,0.23894556401825903,0.5958333333333333,0.5838661551577153,0.03211093014961366,-0.06125677592144442,0.7574101705878937,0.5892562689240533,0.575,
G1,LIVE_SERIES,KPL2024S3,240,0.6695480785608492,0.2384684185287713,0.6041666666666666,0.5856777493606139,0.0528373855256784,-0.05157956733734175,0.77487130972896,0.587011219239587,0.575,
G2,PRE_SERIES,KPL2024S3,240,0.6717539621640373,0.23946942238668215,0.5916666666666667,0.5859263995453253,0.032023876261296685,-0.0166613172927797,0.7323233427703899,0.5789001873093285,0.575,
G2,LIVE_SERIES,KPL2024S3,240,0.6706682860779646,0.2389173010901176,0.5916666666666667,0.5798522307473715,0.04761577771327547,-0.007013339623525338,0.7570760712021137,0.5766424324979449,0.575,
G3,PRE_SERIES,KPL2024S3,240,0.672392382732644,0.23975041506746245,0.5916666666666667,0.5831557260585393,0.03525560342392022,0.027700686566930647,0.7919044107494593,0.5684309536492332,0.575,
G3,LIVE_SERIES,KPL2024S3,240,0.6713021474432509,0.23920774649609006,0.6,0.579070758738278,0.02564868905541108,0.034618600333098756,0.8199555209087177,0.5667941097156175,0.575,
G4,PRE_SERIES,KPL2024S3,240,0.6732066865192744,0.2401523312798151,0.5875,0.5781116794543905,0.03544997342359737,0.03382937379267561,0.7597307793549899,0.5669818164417916,0.575,
G4,LIVE_SERIES,KPL2024S3,240,0.6732066865192744,0.2401523312798151,0.5875,0.5781116794543905,0.03544997342359737,0.03382937379267561,0.7597307793549899,0.5669818164417916,0.575,
G*,PRE_SERIES,KPL2024S3,240,0.6732066865192744,0.2401523312798151,0.5875,0.5781116794543905,0.03544997342359737,0.03382937379267561,0.7597307793549899,0.5669818164417916,0.575,
G*,LIVE_SERIES,KPL2024S3,240,0.6732066865192744,0.2401523312798151,0.5875,0.5781116794543905,0.03544997342359737,0.03382937379267561,0.7597307793549899,0.5669818164417916,0.575,
G5,PRE_SERIES,KPL2024S3,240,0.669102773096933,0.2381506047141294,0.6125,0.5896916737709575,0.04445924442977454,0.013955016422068601,0.9206221053494273,0.5716874137577364,0.575,
G5,LIVE_SERIES,KPL2024S3,240,0.669102773096933,0.2381506047141294,0.6125,0.5896916737709575,0.04445924442977454,0.013955016422068601,0.9206221053494273,0.5716874137577364,0.575,
G0,PRE_SERIES,KPL2025S1,574,0.6931471805599454,0.25,0.5644599303135889,0.5,0.06445993031358888,0.2592825979300835,,0.5,0.5644599303135889,ROC AUC = 0.5 by construction: constant predictions; calibration slope undefined: predicted probabilities are constant
G0,LIVE_SERIES,KPL2025S1,574,0.6931471805599454,0.25,0.5644599303135889,0.5,0.06445993031358888,0.2592825979300835,,0.5,0.5644599303135889,ROC AUC = 0.5 by construction: constant predictions; calibration slope undefined: predicted probabilities are constant
G1,PRE_SERIES,KPL2025S1,574,0.666992156807284,0.2368521811105853,0.6097560975609756,0.6192654320987654,0.027371752888250774,0.08031830211972141,0.8172707277950232,0.5457298151683416,0.5644599303135889,
G1,LIVE_SERIES,KPL2025S1,574,0.6675041473398482,0.2370901404101658,0.6010452961672473,0.6165802469135803,0.029580882240981148,0.08094015686542781,0.816618939992061,0.5455598475889565,0.5644599303135889,
G2,PRE_SERIES,KPL2025S1,574,0.6670627402484103,0.23696798331508728,0.6149825783972126,0.6224012345679012,0.054333370942113025,0.11559992123608592,0.9602378157517172,0.5370444335024828,0.5644599303135889,
G2,LIVE_SERIES,KPL2025S1,574,0.6681948562667167,0.23749901641641213,0.6114982578397212,0.6170987654320987,0.03397089721716334,0.11466618286266517,0.9312328401219628,0.5372686394886569,0.5644599303135889,
G3,PRE_SERIES,KPL2025S1,574,0.6669980967145456,0.23701134366829105,0.6149825783972126,0.622537037037037,0.053480275483174446,0.13154563926325155,1.0438175917704107,0.5330806778895749,0.5644599303135889,
G3,LIVE_SERIES,KPL2025S1,574,0.6681902472770593,0.23756588936981518,0.6097560975609756,0.6176666666666668,0.03605431244000584,0.1296605901279603,1.001073946939408,0.5335479773963943,0.5644599303135889,
G4,PRE_SERIES,KPL2025S1,574,0.667578799969171,0.23727252988690944,0.6132404181184669,0.621783950617284,0.05656952578308409,0.13257327210595707,1.0254930150063912,0.5328390335383165,0.5644599303135889,
G4,LIVE_SERIES,KPL2025S1,574,0.667578799969171,0.23727252988690944,0.6132404181184669,0.621783950617284,0.05656952578308409,0.13257327210595707,1.0254930150063912,0.5328390335383165,0.5644599303135889,
G*,PRE_SERIES,KPL2025S1,574,0.6670627402484103,0.23696798331508728,0.6149825783972126,0.6224012345679012,0.054333370942113025,0.11559992123608592,0.9602378157517172,0.5370444335024828,0.5644599303135889,
G*,LIVE_SERIES,KPL2025S1,574,0.6681948562667167,0.23749901641641213,0.6114982578397212,0.6170987654320987,0.03397089721716334,0.11466618286266517,0.9312328401219628,0.5372686394886569,0.5644599303135889,
G5,PRE_SERIES,KPL2025S1,574,0.6669241669811647,0.23697544949462643,0.6149825783972126,0.6190555555555556,0.05607357642870445,0.1250163116070414,0.9708030878265563,0.5348028836517006,0.5644599303135889,
G5,LIVE_SERIES,KPL2025S1,574,0.6672075097804163,0.23705346778651326,0.6114982578397212,0.6155061728395061,0.035082238927021225,0.11884037386172981,0.9273295607783498,0.5363590448195686,0.5644599303135889,
G0,PRE_SERIES,KPL2025S2,562,0.6931471805599454,0.25,0.5106761565836299,0.5,0.010676156583629859,0.04271111809304969,,0.5,0.5106761565836299,ROC AUC = 0.5 by construction: constant predictions; calibration slope undefined: predicted probabilities are constant
G0,LIVE_SERIES,KPL2025S2,562,0.6931471805599454,0.25,0.5106761565836299,0.5,0.010676156583629859,0.04271111809304969,,0.5,0.5106761565836299,ROC AUC = 0.5 by construction: constant predictions; calibration slope undefined: predicted probabilities are constant
G1,PRE_SERIES,KPL2025S2,562,0.6718412578445476,0.23947513601621595,0.5889679715302492,0.6228444726005703,0.035319264290895734,-0.06966085734313775,0.7546199771157897,0.5267222739478234,0.5106761565836299,
G1,LIVE_SERIES,KPL2025S2,562,0.6695079686720163,0.23831128071469457,0.6014234875444839,0.6260247070003168,0.04666397388613574,-0.06517736624572655,0.7907301593342385,0.5257172624452927,0.5106761565836299,
G2,PRE_SERIES,KPL2025S2,562,0.6696276651868562,0.23849470405363968,0.599644128113879,0.6255812480202726,0.027341899018679575,-0.07000491068604724,0.8709716687891403,0.5270880799783044,0.5106761565836299,
G2,LIVE_SERIES,KPL2025S2,562,0.6673900580811761,0.23737208668773493,0.599644128113879,0.6299651567944251,0.020890465388423828,-0.06357906406705743,0.9093024730199363,0.5255872350069148,0.5106761565836299,
G3,PRE_SERIES,KPL2025S2,562,0.6686395962542546,0.23803330758681124,0.604982206405694,0.626392144440925,0.03048548565141601,-0.06121563621890702,0.9821285871789635,0.525196893500226,0.5106761565836299,
G3,LIVE_SERIES,KPL2025S2,562,0.6666639224055664,0.23704362493018513,0.608540925266904,0.6304592968007602,0.031632040522379,-0.055247352948400955,1.0158204286607513,0.5237747387530299,0.5106761565836299,
G4,PRE_SERIES,KPL2025S2,562,0.6688287131703549,0.23812859338543177,0.5960854092526691,0.6257586316122902,0.0262660807543261,-0.06256070813144658,0.97155350146443,0.5255051958392699,0.5106761565836299,
G4,LIVE_SERIES,KPL2025S2,562,0.6688287131703549,0.23812859338543177,0.5960854092526691,0.6257586316122902,0.0262660807543261,-0.06256070813144658,0.97155350146443,0.5255051958392699,0.5106761565836299,
G*,PRE_SERIES,KPL2025S2,562,0.6696276651868562,0.23849470405363968,0.599644128113879,0.6255812480202726,0.027341899018679575,-0.07000491068604724,0.8709716687891403,0.5270880799783044,0.5106761565836299,
G*,LIVE_SERIES,KPL2025S2,562,0.6673900580811761,0.23737208668773493,0.599644128113879,0.6299651567944251,0.020890465388423828,-0.06357906406705743,0.9093024730199363,0.5255872350069148,0.5106761565836299,
G5,PRE_SERIES,KPL2025S2,562,0.6732439908800812,0.24015920554513842,0.5871886120996441,0.6184605638264176,0.04493656030271951,-0.07235561299898906,0.7647219247778918,0.5274648442022914,0.5106761565836299,
G5,LIVE_SERIES,KPL2025S2,562,0.6710814416986147,0.23907983569763322,0.6067615658362989,0.6212606905289833,0.05050606745067033,-0.07336630851790454,0.7900268047404414,0.527679674250616,0.5106761565836299,
G0,PRE_SERIES,KPL2025S3,237,0.6931471805599453,0.25,0.6286919831223629,0.5,0.12869198312236285,0.5266094914672529,,0.5,0.6286919831223629,ROC AUC = 0.5 by construction: constant predictions; calibration slope undefined: predicted probabilities are constant
G0,LIVE_SERIES,KPL2025S3,237,0.6931471805599453,0.25,0.6286919831223629,0.5,0.12869198312236285,0.5266094914672529,,0.5,0.6286919831223629,ROC AUC = 0.5 by construction: constant predictions; calibration slope undefined: predicted probabilities are constant
G1,PRE_SERIES,KPL2025S3,237,0.6343703499200505,0.22192075374386458,0.6455696202531646,0.635143380109823,0.04407555244627906,0.13148849014473057,1.0174637023155932,0.5991688860483223,0.6286919831223629,
G1,LIVE_SERIES,KPL2025S3,237,0.6355212977262815,0.22238680886776127,0.6497890295358649,0.62568639414277,0.029546604166821373,0.13137308581748444,1.0107547997125124,0.5991453789555414,0.6286919831223629,
G2,PRE_SERIES,KPL2025S3,237,0.637970406721989,0.22350888568669927,0.6455696202531646,0.6297284929835265,0.04590793823016695,0.19171589106416323,1.2049245669353013,0.5847041652250257,0.6286919831223629,
G2,LIVE_SERIES,KPL2025S3,237,0.6390091185211936,0.22396193629128605,0.6413502109704642,0.62522879804759,0.05017071285655419,0.18893259742121435,1.1809806405165042,0.585330414273067,0.6286919831223629,
G3,PRE_SERIES,KPL2025S3,237,0.6380232474505315,0.22365413826244335,0.6329113924050633,0.6237797437461866,0.0466319995610035,0.18170245151969378,1.244105817845951,0.586930148021983,0.6286919831223629,
G3,LIVE_SERIES,KPL2025S3,237,0.6396031473559521,0.2243806632758202,0.6244725738396625,0.6171446003660769,0.04793578478775097,0.1791889161746569,1.1869511211733148,0.5875260781867649,0.6286919831223629,
G4,PRE_SERIES,KPL2025S3,237,0.6382976526269397,0.22381751050541482,0.6329113924050633,0.6200427089688834,0.06593644186317267,0.17791276331303063,1.2322016175278343,0.5878122480680019,0.6286919831223629,
G4,LIVE_SERIES,KPL2025S3,237,0.6382976526269397,0.22381751050541482,0.6329113924050633,0.6200427089688834,0.06593644186317267,0.17791276331303063,1.2322016175278343,0.5878122480680019,0.6286919831223629,
G*,PRE_SERIES,KPL2025S3,237,0.6380232474505315,0.22365413826244335,0.6329113924050633,0.6237797437461866,0.0466319995610035,0.18170245151969378,1.244105817845951,0.586930148021983,0.6286919831223629,
G*,LIVE_SERIES,KPL2025S3,237,0.6396031473559521,0.2243806632758202,0.6244725738396625,0.6171446003660769,0.04793578478775097,0.1791889161746569,1.1869511211733148,0.5875260781867649,0.6286919831223629,
G5,PRE_SERIES,KPL2025S3,237,0.6389195825728781,0.2238776803979016,0.6455696202531646,0.6285082367297131,0.04251671952136427,0.18435141601546873,1.2923796069584015,0.5861752636009984,0.6286919831223629,
G5,LIVE_SERIES,KPL2025S3,237,0.6385715976823181,0.2237725164759787,0.6329113924050633,0.6248474679682732,0.03983614491767008,0.166946076884902,1.2063145903208186,0.5903797935669219,0.6286919831223629,
G0,PRE_SERIES,KPL2026S1,573,0.6931471805599453,0.25,0.506108202443281,0.5,0.00610820244328103,0.02443402533728203,,0.5,0.506108202443281,ROC AUC = 0.5 by construction: constant predictions; calibration slope undefined: predicted probabilities are constant
G0,LIVE_SERIES,KPL2026S1,573,0.6931471805599453,0.25,0.506108202443281,0.5,0.00610820244328103,0.02443402533728203,,0.5,0.506108202443281,ROC AUC = 0.5 by construction: constant predictions; calibration slope undefined: predicted probabilities are constant
G1,PRE_SERIES,KPL2026S1,573,0.6784342234220279,0.24243445452319537,0.5846422338568935,0.6142012915803583,0.07258052697280529,-0.12286776623648157,0.6601707421402163,0.5340372115785137,0.506108202443281,
G1,LIVE_SERIES,KPL2026S1,573,0.6766299000866753,0.24166376770720455,0.5776614310645725,0.6142073839405385,0.0624501785862712,-0.11216398592746793,0.6866654260535653,0.5317295033717965,0.506108202443281,
G2,PRE_SERIES,KPL2026S1,573,0.670751084250993,0.23908028445923143,0.5741710296684118,0.6198671865480687,0.04664766595661774,-0.09290968767329587,0.845671398713245,0.5278218400651832,0.506108202443281,
G2,LIVE_SERIES,KPL2026S1,573,0.6696305643555196,0.23855472558382482,0.581151832460733,0.6201047885951017,0.041264711895239156,-0.08056145008615084,0.8772282851597137,0.5249959345866244,0.506108202443281,
G3,PRE_SERIES,KPL2026S1,573,0.6681505907108348,0.23787342467207756,0.5706806282722513,0.6246070427683684,0.04386668057422344,-0.08186122034956847,0.9450160447167949,0.5254063116887182,0.506108202443281,
G3,LIVE_SERIES,KPL2026S1,573,0.667458254779917,0.23753814865764822,0.581151832460733,0.623942975508712,0.03841983030472186,-0.07017164458813455,0.9720829822043747,0.5226890424961019,0.506108202443281,
G4,PRE_SERIES,KPL2026S1,573,0.6680761516205848,0.23782137119800825,0.5706806282722513,0.624290240038991,0.043826442566266256,-0.07592549999174274,0.9380208473652119,0.5239948587093225,0.506108202443281,
G4,LIVE_SERIES,KPL2026S1,573,0.6680761516205848,0.23782137119800825,0.5706806282722513,0.624290240038991,0.043826442566266256,-0.07592549999174274,0.9380208473652119,0.5239948587093225,0.506108202443281,
G*,PRE_SERIES,KPL2026S1,573,0.670751084250993,0.23908028445923143,0.5741710296684118,0.6198671865480687,0.04664766595661774,-0.09290968767329587,0.845671398713245,0.5278218400651832,0.506108202443281,
G*,LIVE_SERIES,KPL2026S1,573,0.6696305643555196,0.23855472558382482,0.581151832460733,0.6201047885951017,0.041264711895239156,-0.08056145008615084,0.8772282851597137,0.5249959345866244,0.506108202443281,
G5,PRE_SERIES,KPL2026S1,573,0.6708618751240052,0.23913217297630157,0.5671902268760908,0.6220116973315462,0.039344410202721294,-0.11673291811240952,0.8782763827039632,0.5334917676318671,0.506108202443281,
G5,LIVE_SERIES,KPL2026S1,573,0.67004257555467,0.23874613298447625,0.5724258289703316,0.6202631899597904,0.03562229094389206,-0.10797364467030973,0.8756763566240408,0.531394464990544,0.506108202443281,
G0,PRE_SERIES,KPL2026S2,562,0.6931471805599454,0.25,0.5249110320284698,0.5,0.02491103202846978,0.09972669793957024,,0.5,0.5249110320284698,ROC AUC = 0.5 by construction: constant predictions; calibration slope undefined: predicted probabilities are constant
G0,LIVE_SERIES,KPL2026S2,562,0.6931471805599454,0.25,0.5249110320284698,0.5,0.02491103202846978,0.09972669793957024,,0.5,0.5249110320284698,ROC AUC = 0.5 by construction: constant predictions; calibration slope undefined: predicted probabilities are constant
G1,PRE_SERIES,KPL2026S2,562,0.6833127889370914,0.24505185171608557,0.5498220640569395,0.5842442709325208,0.04877800113376303,-0.06278481726088188,0.641928484730222,0.5396593342269407,0.5249110320284698,
G1,LIVE_SERIES,KPL2026S2,562,0.6798582988452394,0.2434673094385748,0.5640569395017794,0.590541484161747,0.0343337345235981,-0.05655373639360595,0.7052742876063067,0.5382182959807452,0.5249110320284698,
G2,PRE_SERIES,KPL2026S2,562,0.6774034932250191,0.2423821383741323,0.5711743772241993,0.5913667237986416,0.026142063922248004,-0.0208391214186445,0.806055247965231,0.5298713772201266,0.5249110320284698,
G2,LIVE_SERIES,KPL2026S2,562,0.6737940315172637,0.24068623439179285,0.5782918149466192,0.6008887196089634,0.018708577939231263,-0.014927367230653205,0.8865761555199059,0.5284647802563939,0.5249110320284698,
G3,PRE_SERIES,KPL2026S2,562,0.6765979240930026,0.24197356739808062,0.5640569395017794,0.5917349076366407,0.020387554135754247,-0.005466421039222095,0.8684732722354005,0.5262194482924538,0.5249110320284698,
G3,LIVE_SERIES,KPL2026S2,562,0.6731359520320109,0.24033717388759274,0.5800711743772242,0.6017774392179268,0.019682363321526144,-0.0005144855676401771,0.9524364390954602,0.5250341474624385,0.5249110320284698,
G4,PRE_SERIES,KPL2026S2,562,0.6770618594534313,0.2422079013758633,0.5587188612099644,0.5920650034913986,0.02649490941096771,-0.002835832833160203,0.8511849790329866,0.5255894364806118,0.5249110320284698,
G4,LIVE_SERIES,KPL2026S2,562,0.6770618594534313,0.2422079013758633,0.5587188612099644,0.5920650034913986,0.02649490941096771,-0.002835832833160203,0.8511849790329866,0.5255894364806118,0.5249110320284698,
G*,PRE_SERIES,KPL2026S2,562,0.6765979240930026,0.24197356739808062,0.5640569395017794,0.5917349076366407,0.020387554135754247,-0.005466421039222095,0.8684732722354005,0.5262194482924538,0.5249110320284698,
G*,LIVE_SERIES,KPL2026S2,562,0.6731359520320109,0.24033717388759274,0.5800711743772242,0.6017774392179268,0.019682363321526144,-0.0005144855676401771,0.9524364390954602,0.5250341474624385,0.5249110320284698,
G5,PRE_SERIES,KPL2026S2,562,0.6759290740114519,0.24165193778083635,0.5711743772241993,0.593639306798705,0.014394744385820129,-0.026196425205474442,0.8806172524323161,0.5311740860293822,0.5249110320284698,
G5,LIVE_SERIES,KPL2026S2,562,0.6733566723159969,0.24044818291576817,0.5711743772241993,0.5997714721005523,0.016233158818461477,-0.022891844741845923,0.9175559747774473,0.5303706655090598,0.5249110320284698,
