model_id,season,n,log_loss,brier,accuracy,roc_auc,ece,calibration_intercept,calibration_slope,mean_predicted_p,observed_win_rate,notes
S0,KPL2023S1,136,0.6561229286173964,0.23174757712489472,0.6102941176470589,0.6595052083333334,0.1108229535557478,-0.10974172433401193,0.7433088865907888,0.4945953439866428,0.47058823529411764,
S1,KPL2023S1,136,0.6780924894372766,0.24237988200825508,0.5808823529411765,0.6067708333333334,0.048441350036179186,-0.08951655592808651,0.9926370353236117,0.4922918500676437,0.47058823529411764,
S2,KPL2023S1,136,0.6919172550597127,0.24930250538179663,0.5661764705882353,0.6046006944444444,0.09273280017515374,-0.33375388678895057,1.205247703063318,0.5522340244631752,0.47058823529411764,
S3,KPL2023S1,136,0.6921805548265586,0.24946547670519975,0.5514705882352942,0.6095920138888888,0.10880453306492835,-0.35414445972446945,1.4223008381840212,0.5574068250699303,0.47058823529411764,
S4,KPL2023S1,136,0.6794886342442799,0.23863732818322922,0.5955882352941176,0.658203125,0.1319561781855966,-0.3132841735984301,0.5641829623671252,0.5348586097721107,0.47058823529411764,
S1F,KPL2023S1,136,0.7369912911453644,0.2709938667628873,0.4411764705882353,0.554470486111111,0.17394338221888928,-0.359968520841403,-0.2329373188880366,0.556880170081274,0.47058823529411764,
S0,KPL2023S2,136,0.6370889852327987,0.22287748583497646,0.6470588235294118,0.68897122929381,0.05578157384180839,0.09816572485548009,0.8733448110125166,0.5228042558703836,0.5441176470588235,
S1,KPL2023S2,136,0.6253142134588655,0.21852026627087545,0.6397058823529411,0.698561464690497,0.06905036618240294,0.09793023703975688,0.9950598178885849,0.5227565041212113,0.5441176470588235,
S2,KPL2023S2,136,0.6245277354139414,0.21819559592024274,0.6544117647058824,0.6992153443766348,0.04947532737009318,0.04209386299445183,1.0487468042180086,0.5348512659771925,0.5441176470588235,
S3,KPL2023S2,136,0.6252425756286584,0.21843398111049836,0.6470588235294118,0.6992153443766347,0.04753589664972018,0.06342121366260255,1.1115732892734878,0.5299865936153374,0.5441176470588235,
S4,KPL2023S2,136,0.6376741513409026,0.22343575236184446,0.6544117647058824,0.6857018308631212,0.050206080806308104,0.05666692485488858,0.9928496393117472,0.5314448927725162,0.5441176470588235,
S1F,KPL2023S2,136,0.6291041006054605,0.22007667632821473,0.6397058823529411,0.6935483870967744,0.07167752863953872,0.04762556099296382,1.1849063335470447,0.5333329743737231,0.5441176470588235,
S0,KPL2024S1,136,0.5972086106864954,0.20395997106539793,0.6617647058823529,0.7486979166666666,0.09120595629448996,-0.039234450340908326,1.0568623710513483,0.537593399165164,0.5294117647058824,
S1,KPL2024S1,136,0.6158220424012576,0.20697718780357666,0.6691176470588235,0.7417534722222222,0.08279668767674364,-0.05867095434603405,0.7437265112500242,0.5406793144583788,0.5294117647058824,
S2,KPL2024S1,136,0.6140020977477093,0.20756270164560112,0.6838235294117647,0.7406684027777778,0.09886729274590837,-0.1095935513220416,0.7949431931859126,0.5509334856330022,0.5294117647058824,
S3,KPL2024S1,136,0.6112304124103036,0.20713705371355048,0.6691176470588235,0.7417534722222221,0.09462941979260032,-0.08672036210300982,0.8434712857131706,0.5467675195031907,0.5294117647058824,
S4,KPL2024S1,136,0.5997954978614067,0.20493283838596982,0.6544117647058824,0.7430555555555555,0.08386042417154539,-0.10150712538738686,1.0683702587109212,0.5506755603414417,0.5294117647058824,
S1F,KPL2024S1,136,0.6099738743146526,0.20805926243255465,0.6764705882352942,0.7406684027777778,0.08307321687579997,-0.09722030968100576,0.9687583098736523,0.5497009266269662,0.5294117647058824,
S0,KPL2024S2,136,0.6398673599118124,0.2239913540247086,0.6397058823529411,0.6760655737704918,0.06033500734097263,-0.016431115676930237,0.8008899807853972,0.5549840069172478,0.5514705882352942,
S1,KPL2024S2,136,0.6232066952588866,0.21601476589009388,0.6617647058823529,0.7090710382513661,0.06676776638179767,-0.054305120677445654,0.9538895610663358,0.5631197467384225,0.5514705882352942,
S2,KPL2024S2,136,0.6240384595306413,0.21614864840315626,0.6691176470588235,0.7088524590163934,0.07568653698550183,-0.08945495932998111,0.9282483252624315,0.5705181208822063,0.5514705882352942,
S3,KPL2024S2,136,0.6235568919221635,0.21623132700146516,0.6691176470588235,0.7090710382513661,0.07491402367846342,-0.08313561207938483,0.999006936970965,0.5694646434342265,0.5514705882352942,
S4,KPL2024S2,136,0.6324883239043291,0.22063815841072626,0.6470588235294118,0.6865573770491804,0.05147032448778154,-0.07245447756600505,0.8785948462162347,0.5670099047817101,0.5514705882352942,
S1F,KPL2024S2,136,0.6221581414312098,0.2156803190410702,0.6470588235294118,0.7114754098360656,0.08476178146386859,-0.0901557515778985,1.0560894851145273,0.5711352238171216,0.5514705882352942,
S0,KPL2024S3,53,0.6041720170553416,0.20632817131021677,0.7547169811320755,0.6777777777777777,0.135093913493086,0.09923934248841836,0.9907768724171337,0.6394971735146654,0.660377358490566,
S1,KPL2024S3,53,0.6241217388105453,0.21505834953544647,0.6792452830188679,0.6476190476190476,0.08000222924842973,0.16684464835016866,0.6517957874113833,0.6262655430106302,0.660377358490566,
S2,KPL2024S3,53,0.6243250906811817,0.21506512932082164,0.6981132075471698,0.6492063492063492,0.08245969028331371,0.1678974046608838,0.6462451323487904,0.6261304519336589,0.660377358490566,
S3,KPL2024S3,53,0.6235286891895693,0.21516728240261349,0.6792452830188679,0.6476190476190476,0.07560894643958942,0.19280795375469012,0.68513107689845,0.6204527049302228,0.660377358490566,
S4,KPL2024S3,53,0.6098230942448689,0.2087140118369241,0.7358490566037735,0.6682539682539682,0.10778341391667458,0.0973799869141597,0.853911220112468,0.6401112774612945,0.660377358490566,
S1F,KPL2024S3,53,0.6153262502401833,0.21206846553506237,0.6981132075471698,0.6492063492063491,0.08593329968907053,0.17432355191650484,0.7508890372267341,0.6245521557925491,0.660377358490566,
S0,KPL2025S1,136,0.592696265249875,0.2027338698766395,0.7058823529411765,0.7432098765432099,0.08023183278017315,0.15761817558542418,1.2138306848061766,0.5618580929599797,0.5955882352941176,
S1,KPL2025S1,136,0.5901215735502736,0.2008811188867661,0.7205882352941176,0.747699214365881,0.09115975601660117,0.14433574632767784,1.1866932120545528,0.5649717648641815,0.5955882352941176,
S2,KPL2025S1,136,0.590393369800151,0.20103541107361314,0.7279411764705882,0.7490460157126825,0.08421844072681496,0.143040970471768,1.216884758925281,0.565086275730096,0.5955882352941176,
S3,KPL2025S1,136,0.5927849416182499,0.20217278130395938,0.7132352941176471,0.7474747474747475,0.06929837226363231,0.1643356413460811,1.2939083771235635,0.560033346786719,0.5955882352941176,
S4,KPL2025S1,136,0.5898950353879788,0.20135237368316283,0.7058823529411765,0.7429854096520764,0.07222131337400922,0.12074436073972086,1.2730953044764597,0.5696488105428283,0.5955882352941176,
S1F,KPL2025S1,136,0.583120891370622,0.19881024795266503,0.7279411764705882,0.755331088664422,0.08854603126824331,0.12696935973740633,1.3976278022578037,0.5682224595593537,0.5955882352941176,
S0,KPL2025S2,136,0.645109048073313,0.22605228076382342,0.6544117647058824,0.6890574214517876,0.09803164179559676,-0.05470439718010619,0.6608888686733334,0.532825720882444,0.5220588235294118,
S1,KPL2025S2,136,0.6264125002515111,0.2183492889959882,0.6691176470588235,0.7085590465872155,0.07192888512325299,-0.0944002227703899,0.7968485320903969,0.5412745632797322,0.5220588235294118,
S2,KPL2025S2,136,0.6266068813864754,0.21854042292406226,0.6691176470588235,0.7092091007583965,0.09563860525755966,-0.12525265085649426,0.81117544910682,0.5476851353121159,0.5220588235294118,
S3,KPL2025S2,136,0.6248332091429617,0.2179922054834993,0.6617647058823529,0.7085590465872155,0.0729815372939086,-0.11541897513956062,0.862111375518962,0.5460950788693374,0.5220588235294118,
S4,KPL2025S2,136,0.6360297159818135,0.22237069657619396,0.6544117647058824,0.7018418201516792,0.07970770572637477,-0.1204843208557711,0.7189234001676894,0.5460378970895041,0.5220588235294118,
S1F,KPL2025S2,136,0.6277829735454756,0.21909146572178823,0.6691176470588235,0.7087757313109425,0.0848120813048736,-0.15133971487034625,0.8171698929425982,0.5531964603933847,0.5220588235294118,
S0,KPL2025S3,53,0.4953021377205111,0.15960067850619664,0.7735849056603774,0.7764227642276423,0.14219064463336165,0.6770272478548955,1.7459500433608273,0.6477480708760864,0.7735849056603774,
S1,KPL2025S3,53,0.48422693114083026,0.15803345454842632,0.7735849056603774,0.7642276422764228,0.10691102405735937,0.5927350529205587,1.4832493776570963,0.6677803597131533,0.7735849056603774,
S2,KPL2025S3,53,0.4805811738892023,0.15675433364866492,0.7924528301886793,0.7642276422764228,0.10104844497001379,0.5618127525886893,1.4607528379096275,0.6741360221497129,0.7735849056603774,
S3,KPL2025S3,53,0.4868064350779646,0.1586174880295203,0.7735849056603774,0.7642276422764228,0.11015553021962249,0.596580111701101,1.557284773303451,0.6659213106634744,0.7735849056603774,
S4,KPL2025S3,53,0.4831872509062737,0.15575504509883986,0.7924528301886793,0.7784552845528456,0.11002571411904988,0.5921513025264803,1.6953118326981713,0.66594372546588,0.7735849056603774,
S1F,KPL2025S3,53,0.47069197317462375,0.15259229438179223,0.7924528301886793,0.7703252032520326,0.11623568766882093,0.570177104442399,1.3429370638030151,0.6758146260667427,0.7735849056603774,
S0,KPL2026S1,136,0.627093019321001,0.21801132349973001,0.6323529411764706,0.7178764897074755,0.09346839371600145,-0.18137448921169688,0.8568974353561507,0.5596507400594388,0.5220588235294118,
S1,KPL2026S1,136,0.627259719117194,0.21873436409363878,0.6323529411764706,0.7109425785482123,0.08499588235681532,-0.14371802472137102,0.7821985975887101,0.5508653063645376,0.5220588235294118,
S2,KPL2026S1,136,0.628403704371706,0.21947166850752464,0.625,0.7094257854821234,0.08371636047730227,-0.16946455054179696,0.7948541796382351,0.5562729354825527,0.5220588235294118,
S3,KPL2026S1,136,0.6250947511628079,0.21816425046914703,0.6323529411764706,0.7105092091007583,0.0622775009645391,-0.1521937338217783,0.8522437825087731,0.5534117443120788,0.5220588235294118,
S4,KPL2026S1,136,0.6266697732830068,0.21832483613524623,0.625,0.715276273022752,0.102948117228894,-0.22029762104941764,0.8390801882999397,0.5670336532866471,0.5220588235294118,
S1F,KPL2026S1,136,0.6219781524293455,0.2178513329587133,0.6323529411764706,0.7107258938244854,0.08612700116099149,-0.1809425359100755,0.8496103116885816,0.5589148055989793,0.5220588235294118,
S0,KPL2026S2,136,0.6443961112089492,0.2278472836358636,0.625,0.6581420765027323,0.0766636935309825,-0.0465360524195119,0.8003390749531079,0.5615139986496996,0.5514705882352942,
S1,KPL2026S2,136,0.652724814028035,0.23145082611499945,0.6029411764705882,0.6502732240437159,0.08578155288028447,0.02707558048127277,0.7224979429079575,0.5456419881851129,0.5514705882352942,
S2,KPL2026S2,136,0.6538758071068349,0.23200240119078933,0.5882352941176471,0.6498360655737705,0.09435856650364559,0.005425529329616601,0.7022290636390143,0.550310298969821,0.5514705882352942,
S3,KPL2026S2,136,0.6516939907293228,0.23101032157721002,0.5882352941176471,0.6502732240437159,0.0959445910649942,0.01947915512311865,0.7460605939210275,0.5472476697090294,0.5514705882352942,
S4,KPL2026S2,136,0.6455149387405562,0.2284089846779668,0.5955882352941176,0.6539890710382514,0.09323508124520143,-0.04790204623409595,0.7913758156037318,0.5618104228726994,0.5514705882352942,
S1F,KPL2026S2,136,0.6485846169835108,0.2302787582384577,0.5955882352941176,0.6507103825136612,0.07274742057712907,-0.017235740356084942,0.764228304920292,0.5551964286277912,0.5514705882352942,
