old_name,new_name,same_season,date_ranges_overlap,played_each_other,same_day_presence,adjacent_transition,mid_season_change,identity_conflict_flag,conflict_reasons
杭州LGD大鹅,杭州LGD.NBW,False,False,False,False,True,False,False,
佛山GK,佛山DRG.GK,False,False,False,False,True,False,False,
Hero久竞,南通Hero久竞,False,False,False,False,True,False,False,
苏州KSG,KSG,False,False,False,False,True,False,False,
MTG,郑州MTG,False,False,False,False,True,False,False,
佛山DRG.GK,佛山DRG,False,False,False,False,True,False,False,
南京Hero久竞,Hero久竞,False,False,False,False,False,False,False,
情久,桐乡情久,False,False,False,False,True,False,False,
南京Hero久竞,南通Hero久竞,False,False,False,False,False,False,False,
TCG,无锡TCG,False,False,False,False,False,False,False,
XYG,TCG,False,False,False,False,True,False,False,
杭州LGD大鹅,郑州MTG,False,False,False,False,True,False,False,
厦门VG,TCG,False,False,False,False,True,False,False,
九江TKL,深圳KLG,False,False,False,False,False,False,False,
Hero久竞,桐乡情久,False,False,False,False,True,False,False,
厦门VG,北京JDG,False,False,False,False,True,False,False,
情久,南通Hero久竞,False,False,False,False,True,False,False,
常山UUG,KSG,False,False,False,False,False,False,False,
常山UUG,无锡TCG,False,False,False,False,False,False,False,
苏州KSG,无锡TCG,False,False,False,False,True,False,False,
XYG,北京JDG,False,False,False,False,True,False,False,
深圳KLG,常山UUG,False,False,False,False,True,False,False,
MTG,杭州LGD.NBW,False,False,False,False,True,False,False,
TCG,深圳KLG,False,False,False,False,False,False,False,
BOA,TCG,False,False,False,False,True,False,False,
Hero久竞,常山UUG,False,False,False,False,True,False,False,
XYG,九江TKL,False,False,False,False,True,False,False,
厦门VG,九江TKL,False,False,False,False,True,False,False,
深圳KLG,桐乡情久,False,False,False,False,True,False,False,
深圳KLG,南通Hero久竞,False,False,False,False,True,False,False,
BOA,北京JDG,False,False,False,False,True,False,False,
南京Hero久竞,情久,False,False,False,False,False,False,False,
情久,常山UUG,False,False,False,False,True,False,False,
TCG,Hero久竞,False,False,False,False,False,False,False,
BOA,九江TKL,False,False,False,False,True,False,False,
TCG,情久,False,False,False,False,False,False,False,
佛山GK,火豹,False,False,False,False,True,False,False,
九江TKL,Hero久竞,False,False,False,False,False,False,False,
九江TKL,情久,False,False,False,False,False,False,False,
火豹,佛山DRG,False,False,False,False,True,False,False,
郑州MTG,BOA,False,False,False,False,True,False,False,
南京Hero久竞,深圳KLG,False,False,False,False,False,False,False,
深圳DYG,深圳KLG,True,True,True,True,False,False,True,PLAYED_EACH_OTHER|SAME_DAY_PRESENCE|DATE_RANGES_OVERLAP
广州TTG,郑州MTG,True,True,False,True,False,False,True,SAME_DAY_PRESENCE|DATE_RANGES_OVERLAP
上海RNG.M,上海EDG.M,True,True,True,True,False,False,True,PLAYED_EACH_OTHER|SAME_DAY_PRESENCE|DATE_RANGES_OVERLAP
