dataset,comparison,n,mean_delta_log_loss,iid_se,season_block_boot_lo95,season_block_boot_hi95,share_of_seasons_favoring_first,n_seasons
phase_b,B1 - B0,1103,-0.04990545938362759,0.0074588266291015235,-0.061754755613005134,-0.04166384850733767,1.0,10
phase_b,B2 - B1,1103,-0.016741271802474277,0.00469781826940092,-0.02851580936684048,-0.005861784933589667,0.8,10
phase_b,B3 - B2,1103,-0.0015540632354232075,0.003034919160617151,-0.005493687295399147,0.003235557690177757,0.8,10
phase_b,B4 - B3,1103,0.0005442363994327347,0.0005314099557369474,0.0,0.0016556595032496601,0.0,10
phase_b,B5 - B3,1103,-0.0007859776694562607,0.0014996706790577961,-0.005131773779237117,0.001600087926469968,0.1,10
phase_b,B5 - B4,1103,-0.0013302140688889953,0.0014113831582129636,-0.005626816724268809,0.0005806004505159611,0.2,10
v2026_09_28,B1 - B0,1330,-0.04676153107119227,0.00690828306423912,-0.05793187752218921,-0.03738761713104602,1.0,11
v2026_09_28,B2 - B1,1330,-0.015440985531255978,0.004481951728159895,-0.025924417703321063,-0.005629039043802201,0.8181818181818182,11
v2026_09_28,B3 - B2,1330,-0.002364601946055728,0.002741855063119898,-0.005512679823283547,0.0015407211443237139,0.9090909090909091,11
v2026_09_28,B4 - B3,1330,-0.0008227039534577964,0.0010471720299371225,-0.0035093449217484304,0.001225593048931218,0.09090909090909091,11
v2026_09_28,B5 - B3,1330,-0.002991026611874594,0.0017708203557037642,-0.00892494076749693,0.0011087462986458679,0.18181818181818182,11
v2026_09_28,B5 - B4,1330,-0.0021683226584167975,0.0015080159357390912,-0.008049609158504221,0.001168261660389074,0.18181818181818182,11
