season,venue_relation,n,team_a_wins,team_a_win_rate
KPL2022S1,VENUE_NOT_RECORDED,136,68,0.5
KPL2022S2,VENUE_NOT_RECORDED,136,77,0.5661764705882353
KPL2023S1,VENUE_NOT_RECORDED,136,64,0.47058823529411764
KPL2023S2,VENUE_NOT_RECORDED,136,74,0.5441176470588235
KPL2024S1,VENUE_NOT_RECORDED,136,72,0.5294117647058824
KPL2024S2,VENUE_NOT_RECORDED,136,75,0.5514705882352942
KPL2024S3,VENUE_NOT_RECORDED,53,35,0.660377358490566
KPL2025S1,VENUE_NOT_RECORDED,136,81,0.5955882352941176
KPL2025S2,VENUE_NOT_RECORDED,136,71,0.5220588235294118
KPL2025S3,VENUE_NOT_RECORDED,53,41,0.7735849056603774
KPL2026S1,BOTH_SAME_CITY,2,1,0.5
KPL2026S1,NEITHER_CITY_HOSTS,61,26,0.4262295081967213
KPL2026S1,TEAM_A_CITY_HOSTS,61,39,0.639344262295082
KPL2026S1,TEAM_B_CITY_HOSTS,12,5,0.4166666666666667
KPL2026S2,BOTH_SAME_CITY,4,3,0.75
KPL2026S2,NEITHER_CITY_HOSTS,51,21,0.4117647058823529
KPL2026S2,TEAM_A_CITY_HOSTS,72,47,0.6527777777777778
KPL2026S2,TEAM_B_CITY_HOSTS,9,4,0.4444444444444444
