breakdown,n,team_a_wins,team_a_win_rate,season,stage_id,stage,phase,venue_relation
all,1466,804.0,0.548431105047749,,,,,
season,136,68.0,0.5,KPL2022S1,,,,
season,136,77.0,0.5661764705882353,KPL2022S2,,,,
season,136,64.0,0.47058823529411764,KPL2023S1,,,,
season,136,74.0,0.5441176470588235,KPL2023S2,,,,
season,136,72.0,0.5294117647058824,KPL2024S1,,,,
season,136,75.0,0.5514705882352942,KPL2024S2,,,,
season,53,35.0,0.660377358490566,KPL2024S3,,,,
season,136,81.0,0.5955882352941176,KPL2025S1,,,,
season,136,71.0,0.5220588235294118,KPL2025S2,,,,
season,53,41.0,0.7735849056603774,KPL2025S3,,,,
season,136,71.0,0.5220588235294118,KPL2026S1,,,,
season,136,75.0,0.5514705882352942,KPL2026S2,,,,
season_stage,45,18.0,0.4,KPL2022S1,cgs1,常规赛第一轮,,
season_stage,45,26.0,0.5777777777777777,KPL2022S1,cgs2,常规赛第二轮,,
season_stage,30,14.0,0.4666666666666667,KPL2022S1,cgs3,常规赛第三轮,,
season_stage,11,7.0,0.6363636363636364,KPL2022S1,jhs,季后赛,,
season_stage,4,2.0,0.5,KPL2022S1,kws,卡位赛,,
season_stage,1,1.0,1.0,KPL2022S1,zjs,总决赛,,
season_stage,45,23.0,0.5111111111111111,KPL2022S2,cgs1,常规赛第一轮,,
season_stage,45,28.0,0.6222222222222222,KPL2022S2,cgs2,常规赛第二轮,,
season_stage,30,21.0,0.7,KPL2022S2,cgs3,常规赛第三轮,,
season_stage,11,4.0,0.36363636363636365,KPL2022S2,jhs,季后赛,,
season_stage,4,1.0,0.25,KPL2022S2,kws,卡位赛,,
season_stage,1,0.0,0.0,KPL2022S2,zjs,总决赛,,
season_stage,45,21.0,0.4666666666666667,KPL2023S1,cgs1,常规赛第一轮,,
season_stage,45,21.0,0.4666666666666667,KPL2023S1,cgs2,常规赛第二轮,,
season_stage,30,11.0,0.36666666666666664,KPL2023S1,cgs3,常规赛第三轮,,
season_stage,11,7.0,0.6363636363636364,KPL2023S1,jhs,季后赛,,
season_stage,4,3.0,0.75,KPL2023S1,kws,卡位赛,,
season_stage,1,1.0,1.0,KPL2023S1,zjs,总决赛,,
season_stage,45,27.0,0.6,KPL2023S2,cgs1,常规赛第一轮,,
season_stage,45,21.0,0.4666666666666667,KPL2023S2,cgs2,常规赛第二轮,,
season_stage,30,17.0,0.5666666666666667,KPL2023S2,cgs3,常规赛第三轮,,
season_stage,11,6.0,0.5454545454545454,KPL2023S2,jhs,季后赛,,
season_stage,4,2.0,0.5,KPL2023S2,kws,卡位赛,,
season_stage,1,1.0,1.0,KPL2023S2,zjs,总决赛,,
season_stage,45,22.0,0.4888888888888889,KPL2024S1,cgs1,常规赛第一轮,,
season_stage,45,26.0,0.5777777777777777,KPL2024S1,cgs2,常规赛第二轮,,
season_stage,30,18.0,0.6,KPL2024S1,cgs3,常规赛第三轮,,
season_stage,11,5.0,0.45454545454545453,KPL2024S1,jhs,季后赛,,
season_stage,4,1.0,0.25,KPL2024S1,kws,卡位赛,,
season_stage,1,0.0,0.0,KPL2024S1,zjs,总决赛,,
season_stage,45,26.0,0.5777777777777777,KPL2024S2,cgs1,常规赛第一轮,,
season_stage,45,25.0,0.5555555555555556,KPL2024S2,cgs2,常规赛第二轮,,
season_stage,30,16.0,0.5333333333333333,KPL2024S2,cgs3,常规赛第三轮,,
season_stage,1,0.0,0.0,KPL2024S2,js,决赛,,
season_stage,4,1.0,0.25,KPL2024S2,kws,卡位赛,,
season_stage,11,7.0,0.6363636363636364,KPL2024S2,tts,淘汰赛,,
season_stage,36,23.0,0.6388888888888888,KPL2024S3,lts,擂台赛,,
season_stage,4,3.0,0.75,KPL2024S3,szz14,胜者组四分之一决赛,,
season_stage,9,7.0,0.7777777777777778,KPL2024S3,tts,淘汰赛,,
season_stage,3,1.0,0.3333333333333333,KPL2024S3,tws,突围赛,,
season_stage,1,1.0,1.0,KPL2024S3,zjs,总决赛,,
season_stage,45,28.0,0.6222222222222222,KPL2025S1,cgs1,常规赛第一轮,,
season_stage,45,25.0,0.5555555555555556,KPL2025S1,cgs2,常规赛第二轮,,
season_stage,30,19.0,0.6333333333333333,KPL2025S1,cgs3,常规赛第三轮,,
season_stage,11,7.0,0.6363636363636364,KPL2025S1,jhs,季后赛,,
season_stage,1,1.0,1.0,KPL2025S1,js,决赛,,
season_stage,4,1.0,0.25,KPL2025S1,kws,卡位赛,,
season_stage,45,23.0,0.5111111111111111,KPL2025S2,cgs1,常规赛第一轮,,
season_stage,45,25.0,0.5555555555555556,KPL2025S2,cgs2,常规赛第二轮,,
season_stage,30,15.0,0.5,KPL2025S2,cgs3,常规赛第三轮,,
season_stage,11,6.0,0.5454545454545454,KPL2025S2,jhs,季后赛,,
season_stage,1,1.0,1.0,KPL2025S2,js,决赛,,
season_stage,4,1.0,0.25,KPL2025S2,kws,卡位赛,,
season_stage,36,30.0,0.8333333333333334,KPL2025S3,lts,擂台赛,,
season_stage,13,7.0,0.5384615384615384,KPL2025S3,tts,淘汰赛,,
season_stage,3,3.0,1.0,KPL2025S3,tws,突围赛,,
season_stage,1,1.0,1.0,KPL2025S3,zjs,总决赛,,
season_stage,45,24.0,0.5333333333333333,KPL2026S1,cgs1,常规赛第一轮,,
season_stage,45,24.0,0.5333333333333333,KPL2026S1,cgs2,常规赛第二轮,,
season_stage,30,19.0,0.6333333333333333,KPL2026S1,cgs3,常规赛第三轮,,
season_stage,11,3.0,0.2727272727272727,KPL2026S1,jhs,季后赛,,
season_stage,1,0.0,0.0,KPL2026S1,js,决赛,,
season_stage,4,1.0,0.25,KPL2026S1,kws,卡位赛,,
season_stage,45,29.0,0.6444444444444445,KPL2026S2,cgs1,常规赛第一轮,,
season_stage,45,23.0,0.5111111111111111,KPL2026S2,cgs2,常规赛第二轮,,
season_stage,30,15.0,0.5,KPL2026S2,cgs3,常规赛第三轮,,
season_stage,11,6.0,0.5454545454545454,KPL2026S2,jhs,季后赛,,
season_stage,1,0.0,0.0,KPL2026S2,js,决赛,,
season_stage,4,2.0,0.5,KPL2026S2,kws,,,
phase_all_seasons,148,82.0,0.5540540540540541,,,,PLAYOFFS_FINALS,
phase_all_seasons,118,72.0,0.6101694915254238,,,,PLAY_IN_QUALIFYING,
phase_all_seasons,1200,650.0,0.5416666666666666,,,,REGULAR_SEASON,
season_phase,12,8.0,0.6666666666666666,KPL2022S1,,,PLAYOFFS_FINALS,
season_phase,4,2.0,0.5,KPL2022S1,,,PLAY_IN_QUALIFYING,
season_phase,120,58.0,0.48333333333333334,KPL2022S1,,,REGULAR_SEASON,
season_phase,12,4.0,0.3333333333333333,KPL2022S2,,,PLAYOFFS_FINALS,
season_phase,4,1.0,0.25,KPL2022S2,,,PLAY_IN_QUALIFYING,
season_phase,120,72.0,0.6,KPL2022S2,,,REGULAR_SEASON,
season_phase,12,8.0,0.6666666666666666,KPL2023S1,,,PLAYOFFS_FINALS,
season_phase,4,3.0,0.75,KPL2023S1,,,PLAY_IN_QUALIFYING,
season_phase,120,53.0,0.44166666666666665,KPL2023S1,,,REGULAR_SEASON,
season_phase,12,7.0,0.5833333333333334,KPL2023S2,,,PLAYOFFS_FINALS,
season_phase,4,2.0,0.5,KPL2023S2,,,PLAY_IN_QUALIFYING,
season_phase,120,65.0,0.5416666666666666,KPL2023S2,,,REGULAR_SEASON,
season_phase,12,5.0,0.4166666666666667,KPL2024S1,,,PLAYOFFS_FINALS,
season_phase,4,1.0,0.25,KPL2024S1,,,PLAY_IN_QUALIFYING,
season_phase,120,66.0,0.55,KPL2024S1,,,REGULAR_SEASON,
season_phase,12,7.0,0.5833333333333334,KPL2024S2,,,PLAYOFFS_FINALS,
season_phase,4,1.0,0.25,KPL2024S2,,,PLAY_IN_QUALIFYING,
season_phase,120,67.0,0.5583333333333333,KPL2024S2,,,REGULAR_SEASON,
season_phase,14,11.0,0.7857142857142857,KPL2024S3,,,PLAYOFFS_FINALS,
season_phase,39,24.0,0.6153846153846154,KPL2024S3,,,PLAY_IN_QUALIFYING,
season_phase,12,8.0,0.6666666666666666,KPL2025S1,,,PLAYOFFS_FINALS,
season_phase,4,1.0,0.25,KPL2025S1,,,PLAY_IN_QUALIFYING,
season_phase,120,72.0,0.6,KPL2025S1,,,REGULAR_SEASON,
season_phase,12,7.0,0.5833333333333334,KPL2025S2,,,PLAYOFFS_FINALS,
season_phase,4,1.0,0.25,KPL2025S2,,,PLAY_IN_QUALIFYING,
season_phase,120,63.0,0.525,KPL2025S2,,,REGULAR_SEASON,
season_phase,14,8.0,0.5714285714285714,KPL2025S3,,,PLAYOFFS_FINALS,
season_phase,39,33.0,0.8461538461538461,KPL2025S3,,,PLAY_IN_QUALIFYING,
season_phase,12,3.0,0.25,KPL2026S1,,,PLAYOFFS_FINALS,
season_phase,4,1.0,0.25,KPL2026S1,,,PLAY_IN_QUALIFYING,
season_phase,120,67.0,0.5583333333333333,KPL2026S1,,,REGULAR_SEASON,
season_phase,12,6.0,0.5,KPL2026S2,,,PLAYOFFS_FINALS,
season_phase,4,2.0,0.5,KPL2026S2,,,PLAY_IN_QUALIFYING,
season_phase,120,67.0,0.5583333333333333,KPL2026S2,,,REGULAR_SEASON,
venue_all_seasons,6,4.0,0.6666666666666666,,,,,BOTH_SAME_CITY
venue_all_seasons,112,47.0,0.41964285714285715,,,,,NEITHER_CITY_HOSTS
venue_all_seasons,133,86.0,0.6466165413533834,,,,,TEAM_A_CITY_HOSTS
venue_all_seasons,21,9.0,0.42857142857142855,,,,,TEAM_B_CITY_HOSTS
venue_all_seasons,1194,658.0,0.5510887772194305,,,,,VENUE_NOT_RECORDED
season_venue,136,68.0,0.5,KPL2022S1,,,,VENUE_NOT_RECORDED
season_venue,136,77.0,0.5661764705882353,KPL2022S2,,,,VENUE_NOT_RECORDED
season_venue,136,64.0,0.47058823529411764,KPL2023S1,,,,VENUE_NOT_RECORDED
season_venue,136,74.0,0.5441176470588235,KPL2023S2,,,,VENUE_NOT_RECORDED
season_venue,136,72.0,0.5294117647058824,KPL2024S1,,,,VENUE_NOT_RECORDED
season_venue,136,75.0,0.5514705882352942,KPL2024S2,,,,VENUE_NOT_RECORDED
season_venue,53,35.0,0.660377358490566,KPL2024S3,,,,VENUE_NOT_RECORDED
season_venue,136,81.0,0.5955882352941176,KPL2025S1,,,,VENUE_NOT_RECORDED
season_venue,136,71.0,0.5220588235294118,KPL2025S2,,,,VENUE_NOT_RECORDED
season_venue,53,41.0,0.7735849056603774,KPL2025S3,,,,VENUE_NOT_RECORDED
season_venue,2,1.0,0.5,KPL2026S1,,,,BOTH_SAME_CITY
season_venue,61,26.0,0.4262295081967213,KPL2026S1,,,,NEITHER_CITY_HOSTS
season_venue,61,39.0,0.639344262295082,KPL2026S1,,,,TEAM_A_CITY_HOSTS
season_venue,12,5.0,0.4166666666666667,KPL2026S1,,,,TEAM_B_CITY_HOSTS
season_venue,4,3.0,0.75,KPL2026S2,,,,BOTH_SAME_CITY
season_venue,51,21.0,0.4117647058823529,KPL2026S2,,,,NEITHER_CITY_HOSTS
season_venue,72,47.0,0.6527777777777778,KPL2026S2,,,,TEAM_A_CITY_HOSTS
season_venue,9,4.0,0.4444444444444444,KPL2026S2,,,,TEAM_B_CITY_HOSTS
2026_season_phase_venue,12,3.0,0.25,KPL2026S1,,,PLAYOFFS_FINALS,NEITHER_CITY_HOSTS
2026_season_phase_venue,4,1.0,0.25,KPL2026S1,,,PLAY_IN_QUALIFYING,NEITHER_CITY_HOSTS
2026_season_phase_venue,2,1.0,0.5,KPL2026S1,,,REGULAR_SEASON,BOTH_SAME_CITY
2026_season_phase_venue,45,22.0,0.4888888888888889,KPL2026S1,,,REGULAR_SEASON,NEITHER_CITY_HOSTS
2026_season_phase_venue,61,39.0,0.639344262295082,KPL2026S1,,,REGULAR_SEASON,TEAM_A_CITY_HOSTS
2026_season_phase_venue,12,5.0,0.4166666666666667,KPL2026S1,,,REGULAR_SEASON,TEAM_B_CITY_HOSTS
2026_season_phase_venue,8,4.0,0.5,KPL2026S2,,,PLAYOFFS_FINALS,NEITHER_CITY_HOSTS
2026_season_phase_venue,1,0.0,0.0,KPL2026S2,,,PLAYOFFS_FINALS,TEAM_A_CITY_HOSTS
2026_season_phase_venue,3,2.0,0.6666666666666666,KPL2026S2,,,PLAYOFFS_FINALS,TEAM_B_CITY_HOSTS
2026_season_phase_venue,1,1.0,1.0,KPL2026S2,,,PLAY_IN_QUALIFYING,BOTH_SAME_CITY
2026_season_phase_venue,3,1.0,0.3333333333333333,KPL2026S2,,,PLAY_IN_QUALIFYING,NEITHER_CITY_HOSTS
2026_season_phase_venue,3,2.0,0.6666666666666666,KPL2026S2,,,REGULAR_SEASON,BOTH_SAME_CITY
2026_season_phase_venue,40,16.0,0.4,KPL2026S2,,,REGULAR_SEASON,NEITHER_CITY_HOSTS
2026_season_phase_venue,71,47.0,0.6619718309859155,KPL2026S2,,,REGULAR_SEASON,TEAM_A_CITY_HOSTS
2026_season_phase_venue,6,2.0,0.3333333333333333,KPL2026S2,,,REGULAR_SEASON,TEAM_B_CITY_HOSTS
