team,canonical_team_id,group,frozen_b5_rating,p_knockout,p_upper_semifinal,p_upper_final,p_upper_final_win,p_drop_to_lower,p_lower_final,p_final,p_champion,p_terminal_STAGE1,p_terminal_BREAKTHROUGH,p_terminal_LB_R1,p_terminal_LB_R2,p_terminal_LB_SF,p_terminal_LB_F,p_terminal_FINAL,p_terminal_CHAMPION,p_champion_given_knockout
重庆狼队,TEAM_WOLVES,MASTER,1817.8258519729611,0.993213,0.752704,0.547952,0.369323,0.62389,0.392116,0.645649,0.421862,0.0,0.006787,0.053686,0.097072,0.081016,0.11579,0.223787,0.421862,0.4247447425678077
成都AG超玩会,TEAM_AG,MASTER,1644.150487031566,0.913405,0.459411,0.197631,0.07531,0.838095,0.240807,0.172068,0.060626,0.0,0.086595,0.19629,0.255503,0.145495,0.144049,0.111442,0.060626,0.06637362396746241
北京JDG,TEAM_JDG,MASTER,1709.67041708398,0.964172,0.58541,0.31699,0.149474,0.814698,0.347104,0.325707,0.14223,0.0,0.035828,0.129568,0.199686,0.13834,0.170871,0.183477,0.14223,0.14751517364121755
广州TTG,TEAM_TTG,MASTER,1771.106505733927,0.985478,0.688499,0.451492,0.25906,0.726418,0.402102,0.513664,0.2767,0.0,0.014522,0.080113,0.137247,0.106956,0.147498,0.236964,0.2767,0.28077745013079947
KSG,TEAM_KSG,MASTER,1498.4615747533824,0.64854,0.188883,0.045357,0.009829,0.638711,0.058283,0.023299,0.004663,0.0,0.35146,0.303694,0.210692,0.066042,0.044813,0.018636,0.004663,0.007189995990995159
北京WB,TEAM_WB,MASTER,1622.3794677504693,0.886195,0.414814,0.164177,0.057417,0.828778,0.205004,0.133572,0.043314,0.0,0.113805,0.220122,0.263608,0.140044,0.128849,0.090258,0.043314,0.04887637596691473
长沙TES.A,TEAM_TESA,ELITE,1597.2578107588797,0.701118,0.298414,0.106017,0.034287,0.666831,0.135385,0.079955,0.023687,0.039853,0.259029,0.202251,0.223352,0.105843,0.089717,0.056268,0.023687,0.03378461257591447
上海EDG.M,TEAM_EDGM,ELITE,1588.5117969093278,0.676642,0.278408,0.095646,0.029969,0.646673,0.12291,0.070079,0.020174,0.044502,0.278856,0.205618,0.218466,0.099679,0.0828,0.049905,0.020174,0.029814879951288866
杭州LGD.NBW,TEAM_LGD_NBW,ELITE,1478.0309871293518,0.379243,0.103879,0.023111,0.00465,0.374593,0.029657,0.010877,0.002019,0.154842,0.465915,0.185749,0.122984,0.036203,0.02343,0.008858,0.002019,0.005323763391809473
深圳DYG,TEAM_DYG,ELITE,1340.8085376693457,0.104521,0.016137,0.00194,0.000212,0.104309,0.002382,0.000484,5e-05,0.467281,0.428198,0.071491,0.02603,0.004406,0.00211,0.000434,5e-05,0.0004783727671951091
济南RW侠,TEAM_RW,ELITE,1501.0469041309566,0.418832,0.126294,0.030992,0.006932,0.4119,0.040055,0.016201,0.00323,0.123059,0.458109,0.186959,0.139093,0.045793,0.030786,0.012971,0.00323,0.007711922680215456
南通Hero久竞,TEAM_HERO,ELITE,1468.3893152003761,0.328641,0.087147,0.018695,0.003537,0.325104,0.024195,0.008445,0.001445,0.170463,0.500896,0.164459,0.106267,0.030183,0.019287,0.007,0.001445,0.004396895092213083
