rule,scenario,source_of_scenario,max_abs_championship_delta,team_at_max,combined_mc_se,max_abs_final_delta,max_abs_knockout_delta,classification,note
R06_STAGE1_RANKING_AND_TIEBREAK,TIEBREAK_T2_WINS_LOT,v1.0 stored sensitivity.csv (not rerun),0.0009899999999999909,重庆狼队,0.0006983073911766938,0.0025960000000000427,0.019378000000000006,IMMATERIAL,"descriptive only; thresholds IMMATERIAL <0.005, LOW 0.005-0.02, MATERIAL >0.02 (championship)"
R06_STAGE1_RANKING_AND_TIEBREAK,TIEBREAK_T3_WINS_GAMEDIFF_STRENGTH,v1.0 stored sensitivity.csv (not rerun),0.00023799999999998822,北京JDG,0.0004937923642949534,0.00038199999999999346,0.0040280000000000316,IMMATERIAL,"descriptive only; thresholds IMMATERIAL <0.005, LOW 0.005-0.02, MATERIAL >0.02 (championship)"
R10_BREAKTHROUGH_SELECTION_DETAIL,POOL_SELECTION_POOL_ANY,v1.0 stored sensitivity.csv (not rerun),0.0,重庆狼队,0.0006984188613661576,0.0,0.0,IMMATERIAL,"descriptive only; thresholds IMMATERIAL <0.005, LOW 0.005-0.02, MATERIAL >0.02 (championship)"
R10_BREAKTHROUGH_SELECTION_DETAIL,POOL_ANY_RANDOM_LEGAL,v1.0 stored sensitivity.csv (not rerun),0.0015560000000000018,成都AG超玩会,0.00033545673823013304,0.003689999999999999,0.08106000000000002,IMMATERIAL,"descriptive only; thresholds IMMATERIAL <0.005, LOW 0.005-0.02, MATERIAL >0.02 (championship)"
R10_BREAKTHROUGH_SELECTION_DETAIL,POOL_ANY_ADVERSARIAL,v1.0 stored sensitivity.csv (not rerun),0.0034480000000000066,重庆狼队,0.0006987960051803388,0.007279000000000008,0.158333,IMMATERIAL,"descriptive only; thresholds IMMATERIAL <0.005, LOW 0.005-0.02, MATERIAL >0.02 (championship)"
R10_BREAKTHROUGH_SELECTION_BEHAVIOUR (not a rule; OPTIMAL is PRIMARY),SELECTION_RANDOM_LEGAL,v1.0 stored sensitivity.csv (not rerun),0.0015419999999999878,重庆狼队,0.0006985896547616491,0.003147000000000011,0.04714999999999997,IMMATERIAL,"descriptive only; thresholds IMMATERIAL <0.005, LOW 0.005-0.02, MATERIAL >0.02 (championship)"
R10_BREAKTHROUGH_SELECTION_BEHAVIOUR (not a rule; OPTIMAL is PRIMARY),SELECTION_ADVERSARIAL,v1.0 stored sensitivity.csv (not rerun),0.0033079999999999776,重庆狼队,0.0006987810272581819,0.004977999999999927,0.17720799999999998,IMMATERIAL,"descriptive only; thresholds IMMATERIAL <0.005, LOW 0.005-0.02, MATERIAL >0.02 (championship)"
R13_KNOCKOUT_DRAW_SEED_MEANING,DRAW_K2_SEEDS_NOT_PAIRED,v1.0 stored sensitivity.csv (not rerun),0.0017550000000000066,重庆狼队,0.0006982202815064885,0.0046200000000000685,0.0,IMMATERIAL,"descriptive only; thresholds IMMATERIAL <0.005, LOW 0.005-0.02, MATERIAL >0.02 (championship)"
R13_KNOCKOUT_DRAW_SEED_MEANING,DRAW_K3_SEEDS_VS_BREAKTHROUGH,v1.0 stored sensitivity.csv (not rerun),0.003658999999999968,重庆狼队,0.0006988185254520661,0.006047999999999942,0.0,IMMATERIAL,"descriptive only; thresholds IMMATERIAL <0.005, LOW 0.005-0.02, MATERIAL >0.02 (championship)"
R10_BREAKTHROUGH_SELECTION_DETAIL,BT_PROTECTED_M5_M6_E2_OPTIMAL,v1.0a (HISTORICAL_RULE_PROXY-motivated),0.0006969999999999997,长沙TES.A,0.0002165995073286179,0.0021700000000000053,0.01943600000000001,IMMATERIAL,"descriptive only; thresholds IMMATERIAL <0.005, LOW 0.005-0.02, MATERIAL >0.02 (championship)"
R10_BREAKTHROUGH_SELECTION_DETAIL,BT_PROTECTED_M5_M6_E2_RANDOM,v1.0a (HISTORICAL_RULE_PROXY-motivated),0.0015879999999999991,成都AG超玩会,0.00033541467272616446,0.002588000000000007,0.03598899999999999,IMMATERIAL,"descriptive only; thresholds IMMATERIAL <0.005, LOW 0.005-0.02, MATERIAL >0.02 (championship)"
R10_BREAKTHROUGH_SELECTION_DETAIL,BT_PROTECTED_M5_M6_E2_ADVERSARIAL,v1.0a (HISTORICAL_RULE_PROXY-motivated),0.001695000000000002,成都AG超玩会,0.00033527395568847874,0.004795999999999995,0.07827400000000001,IMMATERIAL,"descriptive only; thresholds IMMATERIAL <0.005, LOW 0.005-0.02, MATERIAL >0.02 (championship)"
R12_KNOCKOUT_BRACKET_WIRING,WIRING_ALT_SAMEHALF_LB1_CROSSED_LB2,v1.0a (HISTORICAL_RULE_PROXY-motivated),0.0007719999999999949,重庆狼队,0.0006985047995540188,0.0008179999999999854,0.0,IMMATERIAL,"descriptive only; thresholds IMMATERIAL <0.005, LOW 0.005-0.02, MATERIAL >0.02 (championship)"
COMBINED_HISTORICAL_PROXY,PROXY_COMBINED_T3_PROTECTED_OPTIMAL,v1.0a (HISTORICAL_RULE_PROXY-motivated),0.0008279999999999989,长沙TES.A,0.0002168869309248485,0.0023890000000000022,0.022433999999999954,IMMATERIAL,"descriptive only; thresholds IMMATERIAL <0.005, LOW 0.005-0.02, MATERIAL >0.02 (championship)"
