run,team,p_knockout,p_final,p_champion
PRIMARY,重庆狼队,0.993213,0.645649,0.421862
PRIMARY,成都AG超玩会,0.913405,0.172068,0.060626
PRIMARY,北京JDG,0.964172,0.325707,0.14223
PRIMARY,广州TTG,0.985478,0.513664,0.2767
PRIMARY,KSG,0.64854,0.023299,0.004663
PRIMARY,北京WB,0.886195,0.133572,0.043314
PRIMARY,长沙TES.A,0.701118,0.079955,0.023687
PRIMARY,上海EDG.M,0.676642,0.070079,0.020174
PRIMARY,杭州LGD.NBW,0.379243,0.010877,0.002019
PRIMARY,深圳DYG,0.104521,0.000484,5e-05
PRIMARY,济南RW侠,0.418832,0.016201,0.00323
PRIMARY,南通Hero久竞,0.328641,0.008445,0.001445
TIEBREAK_T2_WINS_LOT,重庆狼队,0.991585,0.643476,0.420872
TIEBREAK_T2_WINS_LOT,成都AG超玩会,0.914683,0.173511,0.060803
TIEBREAK_T2_WINS_LOT,北京JDG,0.962482,0.326954,0.142911
TIEBREAK_T2_WINS_LOT,广州TTG,0.983563,0.511068,0.2765
TIEBREAK_T2_WINS_LOT,KSG,0.667918,0.024366,0.00478
TIEBREAK_T2_WINS_LOT,北京WB,0.890021,0.135917,0.044111
TIEBREAK_T2_WINS_LOT,长沙TES.A,0.685573,0.079006,0.023283
TIEBREAK_T2_WINS_LOT,上海EDG.M,0.66194,0.069478,0.020007
TIEBREAK_T2_WINS_LOT,杭州LGD.NBW,0.375263,0.010755,0.001996
TIEBREAK_T2_WINS_LOT,深圳DYG,0.118982,0.000527,5.3e-05
TIEBREAK_T2_WINS_LOT,济南RW侠,0.418101,0.016202,0.003185
TIEBREAK_T2_WINS_LOT,南通Hero久竞,0.329889,0.00874,0.001499
TIEBREAK_T3_WINS_GAMEDIFF_STRENGTH,重庆狼队,0.993507,0.646031,0.421955
TIEBREAK_T3_WINS_GAMEDIFF_STRENGTH,成都AG超玩会,0.913156,0.171901,0.060597
TIEBREAK_T3_WINS_GAMEDIFF_STRENGTH,北京JDG,0.964582,0.325618,0.141992
TIEBREAK_T3_WINS_GAMEDIFF_STRENGTH,广州TTG,0.985923,0.513702,0.276854
TIEBREAK_T3_WINS_GAMEDIFF_STRENGTH,KSG,0.644512,0.022985,0.004579
TIEBREAK_T3_WINS_GAMEDIFF_STRENGTH,北京WB,0.885341,0.133337,0.043315
TIEBREAK_T3_WINS_GAMEDIFF_STRENGTH,长沙TES.A,0.704535,0.080262,0.023837
TIEBREAK_T3_WINS_GAMEDIFF_STRENGTH,上海EDG.M,0.679672,0.070184,0.020126
TIEBREAK_T3_WINS_GAMEDIFF_STRENGTH,杭州LGD.NBW,0.380118,0.01087,0.002018
TIEBREAK_T3_WINS_GAMEDIFF_STRENGTH,深圳DYG,0.101563,0.000475,5.1e-05
TIEBREAK_T3_WINS_GAMEDIFF_STRENGTH,济南RW侠,0.418793,0.016174,0.003223
TIEBREAK_T3_WINS_GAMEDIFF_STRENGTH,南通Hero久竞,0.328298,0.008461,0.001453
SELECTION_RANDOM_LEGAL,重庆狼队,0.989722,0.646987,0.423404
SELECTION_RANDOM_LEGAL,成都AG超玩会,0.88442,0.168921,0.059174
SELECTION_RANDOM_LEGAL,北京JDG,0.94983,0.323858,0.141188
SELECTION_RANDOM_LEGAL,广州TTG,0.979083,0.513593,0.276829
SELECTION_RANDOM_LEGAL,KSG,0.602341,0.022609,0.004591
SELECTION_RANDOM_LEGAL,北京WB,0.851618,0.130645,0.042352
SELECTION_RANDOM_LEGAL,长沙TES.A,0.699851,0.081865,0.024125
SELECTION_RANDOM_LEGAL,上海EDG.M,0.677866,0.072006,0.020913
SELECTION_RANDOM_LEGAL,杭州LGD.NBW,0.398353,0.011614,0.002084
SELECTION_RANDOM_LEGAL,深圳DYG,0.135892,0.000586,5.4e-05
SELECTION_RANDOM_LEGAL,济南RW侠,0.455233,0.017485,0.003574
SELECTION_RANDOM_LEGAL,南通Hero久竞,0.375791,0.009831,0.001712
SELECTION_ADVERSARIAL,重庆狼队,0.985972,0.650627,0.42517
SELECTION_ADVERSARIAL,成都AG超玩会,0.854955,0.167243,0.058765
SELECTION_ADVERSARIAL,北京JDG,0.934613,0.324293,0.141415
SELECTION_ADVERSARIAL,广州TTG,0.971685,0.516558,0.277455
SELECTION_ADVERSARIAL,KSG,0.554648,0.021749,0.004283
SELECTION_ADVERSARIAL,北京WB,0.815811,0.128896,0.041901
SELECTION_ADVERSARIAL,长沙TES.A,0.620892,0.075232,0.022455
SELECTION_ADVERSARIAL,上海EDG.M,0.622554,0.069002,0.019855
SELECTION_ADVERSARIAL,杭州LGD.NBW,0.492653,0.014213,0.002649
SELECTION_ADVERSARIAL,深圳DYG,0.181337,0.000776,6.8e-05
SELECTION_ADVERSARIAL,济南RW侠,0.459031,0.018418,0.003703
SELECTION_ADVERSARIAL,南通Hero久竞,0.505849,0.012993,0.002281
POOL_SELECTION_POOL_ANY,重庆狼队,0.993213,0.645649,0.421862
POOL_SELECTION_POOL_ANY,成都AG超玩会,0.913405,0.172068,0.060626
POOL_SELECTION_POOL_ANY,北京JDG,0.964172,0.325707,0.14223
POOL_SELECTION_POOL_ANY,广州TTG,0.985478,0.513664,0.2767
POOL_SELECTION_POOL_ANY,KSG,0.64854,0.023299,0.004663
POOL_SELECTION_POOL_ANY,北京WB,0.886195,0.133572,0.043314
POOL_SELECTION_POOL_ANY,长沙TES.A,0.701118,0.079955,0.023687
POOL_SELECTION_POOL_ANY,上海EDG.M,0.676642,0.070079,0.020174
POOL_SELECTION_POOL_ANY,杭州LGD.NBW,0.379243,0.010877,0.002019
POOL_SELECTION_POOL_ANY,深圳DYG,0.104521,0.000484,5e-05
POOL_SELECTION_POOL_ANY,济南RW侠,0.418832,0.016201,0.00323
POOL_SELECTION_POOL_ANY,南通Hero久竞,0.328641,0.008445,0.001445
POOL_ANY_RANDOM_LEGAL,重庆狼队,0.988992,0.646699,0.423273
POOL_ANY_RANDOM_LEGAL,成都AG超玩会,0.879153,0.168378,0.05907
POOL_ANY_RANDOM_LEGAL,北京JDG,0.947228,0.323393,0.141025
POOL_ANY_RANDOM_LEGAL,广州TTG,0.977794,0.513272,0.276842
POOL_ANY_RANDOM_LEGAL,KSG,0.56748,0.021634,0.004385
POOL_ANY_RANDOM_LEGAL,北京WB,0.844815,0.130052,0.042103
POOL_ANY_RANDOM_LEGAL,长沙TES.A,0.710157,0.083054,0.024517
POOL_ANY_RANDOM_LEGAL,上海EDG.M,0.688602,0.073196,0.021199
POOL_ANY_RANDOM_LEGAL,杭州LGD.NBW,0.407143,0.01192,0.002146
POOL_ANY_RANDOM_LEGAL,深圳DYG,0.13935,0.000586,5.6e-05
POOL_ANY_RANDOM_LEGAL,济南RW侠,0.465132,0.017853,0.003662
POOL_ANY_RANDOM_LEGAL,南通Hero久竞,0.384154,0.009963,0.001722
POOL_ANY_ADVERSARIAL,重庆狼队,0.983718,0.650649,0.42531
POOL_ANY_ADVERSARIAL,成都AG超玩会,0.836967,0.164789,0.057882
POOL_ANY_ADVERSARIAL,北京JDG,0.925473,0.322471,0.140822
POOL_ANY_ADVERSARIAL,广州TTG,0.967079,0.515194,0.277185
POOL_ANY_ADVERSARIAL,KSG,0.536732,0.021535,0.004287
POOL_ANY_ADVERSARIAL,北京WB,0.792077,0.126433,0.041232
POOL_ANY_ADVERSARIAL,长沙TES.A,0.646503,0.078141,0.023357
POOL_ANY_ADVERSARIAL,上海EDG.M,0.662724,0.073192,0.021019
POOL_ANY_ADVERSARIAL,杭州LGD.NBW,0.489274,0.01435,0.002622
POOL_ANY_ADVERSARIAL,深圳DYG,0.17695,0.000767,7e-05
POOL_ANY_ADVERSARIAL,济南RW侠,0.495529,0.01976,0.003989
POOL_ANY_ADVERSARIAL,南通Hero久竞,0.486974,0.012719,0.002225
DRAW_K2_SEEDS_NOT_PAIRED,重庆狼队,0.993213,0.641029,0.420107
DRAW_K2_SEEDS_NOT_PAIRED,成都AG超玩会,0.913405,0.173334,0.060541
DRAW_K2_SEEDS_NOT_PAIRED,北京JDG,0.964172,0.32576,0.142211
DRAW_K2_SEEDS_NOT_PAIRED,广州TTG,0.985478,0.509328,0.276439
DRAW_K2_SEEDS_NOT_PAIRED,KSG,0.64854,0.023819,0.004822
DRAW_K2_SEEDS_NOT_PAIRED,北京WB,0.886195,0.13563,0.044084
DRAW_K2_SEEDS_NOT_PAIRED,长沙TES.A,0.701118,0.081935,0.024118
DRAW_K2_SEEDS_NOT_PAIRED,上海EDG.M,0.676642,0.07238,0.020725
DRAW_K2_SEEDS_NOT_PAIRED,杭州LGD.NBW,0.379243,0.010969,0.002025
DRAW_K2_SEEDS_NOT_PAIRED,深圳DYG,0.104521,0.000493,4.5e-05
DRAW_K2_SEEDS_NOT_PAIRED,济南RW侠,0.418832,0.01653,0.003325
DRAW_K2_SEEDS_NOT_PAIRED,南通Hero久竞,0.328641,0.008793,0.001558
DRAW_K3_SEEDS_VS_BREAKTHROUGH,重庆狼队,0.993213,0.651697,0.425521
DRAW_K3_SEEDS_VS_BREAKTHROUGH,成都AG超玩会,0.913405,0.171484,0.059972
DRAW_K3_SEEDS_VS_BREAKTHROUGH,北京JDG,0.964172,0.328644,0.142502
DRAW_K3_SEEDS_VS_BREAKTHROUGH,广州TTG,0.985478,0.517671,0.277736
DRAW_K3_SEEDS_VS_BREAKTHROUGH,KSG,0.64854,0.021973,0.004351
DRAW_K3_SEEDS_VS_BREAKTHROUGH,北京WB,0.886195,0.132633,0.042718
DRAW_K3_SEEDS_VS_BREAKTHROUGH,长沙TES.A,0.701118,0.076119,0.022325
DRAW_K3_SEEDS_VS_BREAKTHROUGH,上海EDG.M,0.676642,0.066933,0.018732
DRAW_K3_SEEDS_VS_BREAKTHROUGH,杭州LGD.NBW,0.379243,0.009858,0.0018
DRAW_K3_SEEDS_VS_BREAKTHROUGH,深圳DYG,0.104521,0.000408,3.5e-05
DRAW_K3_SEEDS_VS_BREAKTHROUGH,济南RW侠,0.418832,0.014941,0.00296
DRAW_K3_SEEDS_VS_BREAKTHROUGH,南通Hero久竞,0.328641,0.007639,0.001348
CONSERVATIVE,重庆狼队,0.988326,0.596259,0.383646
CONSERVATIVE,成都AG超玩会,0.901318,0.186274,0.07164
CONSERVATIVE,北京JDG,0.952925,0.320969,0.14776
CONSERVATIVE,广州TTG,0.978089,0.479452,0.263744
CONSERVATIVE,KSG,0.666524,0.035268,0.008499
CONSERVATIVE,北京WB,0.875746,0.150234,0.054242
CONSERVATIVE,长沙TES.A,0.676893,0.092059,0.03062
CONSERVATIVE,上海EDG.M,0.655623,0.082536,0.026851
CONSERVATIVE,杭州LGD.NBW,0.389504,0.01713,0.003861
CONSERVATIVE,深圳DYG,0.134345,0.001324,0.000195
CONSERVATIVE,济南RW侠,0.432395,0.024243,0.005879
CONSERVATIVE,南通Hero久竞,0.348312,0.014252,0.003063
AGGRESSIVE,重庆狼队,0.995972,0.689194,0.456701
AGGRESSIVE,成都AG超玩会,0.924221,0.157407,0.050188
AGGRESSIVE,北京JDG,0.972568,0.3275,0.134507
AGGRESSIVE,广州TTG,0.990376,0.543584,0.285796
AGGRESSIVE,KSG,0.633957,0.014923,0.00247
AGGRESSIVE,北京WB,0.89656,0.117839,0.034347
AGGRESSIVE,长沙TES.A,0.72278,0.068402,0.017793
AGGRESSIVE,上海EDG.M,0.696446,0.058885,0.014846
AGGRESSIVE,杭州LGD.NBW,0.371438,0.006673,0.00097
AGGRESSIVE,深圳DYG,0.081292,0.000167,9e-06
AGGRESSIVE,济南RW侠,0.404218,0.010499,0.001702
AGGRESSIVE,南通Hero久竞,0.310172,0.004927,0.000671
BO7_SENSITIVITY,重庆狼队,0.995042,0.69102,0.458059
BO7_SENSITIVITY,成都AG超玩会,0.924837,0.157252,0.049932
BO7_SENSITIVITY,北京JDG,0.970757,0.327269,0.134319
BO7_SENSITIVITY,广州TTG,0.988939,0.54525,0.286381
BO7_SENSITIVITY,KSG,0.655265,0.015344,0.002472
BO7_SENSITIVITY,北京WB,0.899129,0.118014,0.034129
BO7_SENSITIVITY,长沙TES.A,0.708347,0.066594,0.017137
BO7_SENSITIVITY,上海EDG.M,0.682838,0.057306,0.014256
BO7_SENSITIVITY,杭州LGD.NBW,0.366939,0.006572,0.000983
BO7_SENSITIVITY,深圳DYG,0.089118,0.000175,1.2e-05
BO7_SENSITIVITY,济南RW侠,0.406331,0.01036,0.001663
BO7_SENSITIVITY,南通Hero久竞,0.312458,0.004844,0.000657
NEUTRAL_FORMAT,重庆狼队,0.998274,0.637362,0.419326
NEUTRAL_FORMAT,成都AG超玩会,0.911678,0.170636,0.059824
NEUTRAL_FORMAT,北京JDG,0.975212,0.323907,0.141891
NEUTRAL_FORMAT,广州TTG,0.994193,0.504509,0.274628
NEUTRAL_FORMAT,KSG,0.446331,0.016652,0.003179
NEUTRAL_FORMAT,北京WB,0.872211,0.131913,0.042798
NEUTRAL_FORMAT,长沙TES.A,0.813327,0.09497,0.027834
NEUTRAL_FORMAT,上海EDG.M,0.788394,0.083327,0.023605
NEUTRAL_FORMAT,杭州LGD.NBW,0.363785,0.010534,0.001887
NEUTRAL_FORMAT,深圳DYG,0.050969,0.000244,1.4e-05
NEUTRAL_FORMAT,济南RW侠,0.45777,0.017655,0.003578
NEUTRAL_FORMAT,南通Hero久竞,0.327856,0.008291,0.001436
PRIMARY_INDEPENDENT_SEED,重庆狼队,0.993065,0.645261,0.421609
PRIMARY_INDEPENDENT_SEED,成都AG超玩会,0.913269,0.172435,0.060216
PRIMARY_INDEPENDENT_SEED,北京JDG,0.964368,0.32517,0.142034
PRIMARY_INDEPENDENT_SEED,广州TTG,0.985612,0.513806,0.277306
PRIMARY_INDEPENDENT_SEED,KSG,0.64955,0.023417,0.004766
PRIMARY_INDEPENDENT_SEED,北京WB,0.886448,0.134024,0.043449
PRIMARY_INDEPENDENT_SEED,长沙TES.A,0.70117,0.079976,0.023778
PRIMARY_INDEPENDENT_SEED,上海EDG.M,0.677372,0.070061,0.020105
PRIMARY_INDEPENDENT_SEED,杭州LGD.NBW,0.377418,0.010828,0.001975
PRIMARY_INDEPENDENT_SEED,深圳DYG,0.104607,0.000466,4.3e-05
PRIMARY_INDEPENDENT_SEED,济南RW侠,0.417976,0.016078,0.003232
PRIMARY_INDEPENDENT_SEED,南通Hero久竞,0.329145,0.008478,0.001487
